2025/08/13 13:56:01 [emerg] 9#9: host not found in upstream "your-backend-server" in /etc/nginx/conf.d/default.conf:36
2025/08/13 13:56:01 [emerg] 9#9: host not found in upstream "your-backend-server" in /etc/nginx/conf.d/default.conf:36
2025/08/13 13:56:02 [emerg] 9#9: host not found in upstream "your-backend-server" in /etc/nginx/conf.d/default.conf:36
2025/08/13 13:56:02 [emerg] 9#9: host not found in upstream "your-backend-server" in /etc/nginx/conf.d/default.conf:36
2025/08/13 13:56:03 [emerg] 9#9: host not found in upstream "your-backend-server" in /etc/nginx/conf.d/default.conf:36
2025/08/13 13:56:05 [emerg] 9#9: host not found in upstream "your-backend-server" in /etc/nginx/conf.d/default.conf:36
2025/08/13 13:56:08 [emerg] 9#9: host not found in upstream "your-backend-server" in /etc/nginx/conf.d/default.conf:36
2025/08/13 13:56:15 [emerg] 9#9: host not found in upstream "your-backend-server" in /etc/nginx/conf.d/default.conf:36
2025/08/13 13:56:28 [emerg] 9#9: host not found in upstream "your-backend-server" in /etc/nginx/conf.d/default.conf:36
2025/08/13 13:56:54 [emerg] 9#9: host not found in upstream "your-backend-server" in /etc/nginx/conf.d/default.conf:36
2025/08/13 13:57:45 [emerg] 9#9: host not found in upstream "your-backend-server" in /etc/nginx/conf.d/default.conf:36
2025/08/13 13:58:45 [emerg] 8#8: host not found in upstream "your-backend-server" in /etc/nginx/conf.d/default.conf:36
2025/08/13 13:59:45 [emerg] 9#9: host not found in upstream "your-backend-server" in /etc/nginx/conf.d/default.conf:36
2025/08/13 14:00:45 [emerg] 9#9: host not found in upstream "your-backend-server" in /etc/nginx/conf.d/default.conf:36
2025/08/13 14:01:46 [emerg] 9#9: host not found in upstream "your-backend-server" in /etc/nginx/conf.d/default.conf:36
2025/08/13 14:02:46 [emerg] 9#9: host not found in upstream "your-backend-server" in /etc/nginx/conf.d/default.conf:36
2025/08/13 14:03:46 [emerg] 9#9: host not found in upstream "your-backend-server" in /etc/nginx/conf.d/default.conf:36
2025/08/13 14:04:46 [emerg] 9#9: host not found in upstream "your-backend-server" in /etc/nginx/conf.d/default.conf:36
2025/08/13 14:06:33 [notice] 1#1: using the "epoll" event method
2025/08/13 14:06:33 [notice] 1#1: nginx/1.29.0
2025/08/13 14:06:33 [notice] 1#1: built by gcc 14.2.0 (Alpine 14.2.0) 
2025/08/13 14:06:33 [notice] 1#1: OS: Linux 6.12.5-linuxkit
2025/08/13 14:06:33 [notice] 1#1: getrlimit(RLIMIT_NOFILE): 1048576:1048576
2025/08/13 14:06:33 [notice] 1#1: start worker processes
2025/08/13 14:06:33 [notice] 1#1: start worker process 29
2025/08/13 14:06:33 [notice] 1#1: start worker process 30
2025/08/13 14:06:33 [notice] 1#1: start worker process 31
2025/08/13 14:06:33 [notice] 1#1: start worker process 32
2025/08/13 14:06:33 [notice] 1#1: start worker process 33
2025/08/13 14:06:33 [notice] 1#1: start worker process 34
2025/08/13 14:06:33 [notice] 1#1: start worker process 35
2025/08/13 14:06:33 [notice] 1#1: start worker process 36
2025/08/13 14:06:33 [notice] 1#1: start worker process 37
2025/08/13 14:06:33 [notice] 1#1: start worker process 38
2025/08/13 14:06:33 [notice] 1#1: start worker process 39
2025/08/13 14:11:17 [notice] 1#1: signal 3 (SIGQUIT) received, shutting down
2025/08/13 14:11:17 [notice] 30#30: gracefully shutting down
2025/08/13 14:11:17 [notice] 31#31: gracefully shutting down
2025/08/13 14:11:17 [notice] 29#29: gracefully shutting down
2025/08/13 14:11:17 [notice] 35#35: gracefully shutting down
2025/08/13 14:11:17 [notice] 33#33: gracefully shutting down
2025/08/13 14:11:17 [notice] 36#36: gracefully shutting down
2025/08/13 14:11:17 [notice] 38#38: gracefully shutting down
2025/08/13 14:11:17 [notice] 35#35: exiting
2025/08/13 14:11:17 [notice] 32#32: gracefully shutting down
2025/08/13 14:11:17 [notice] 33#33: exiting
2025/08/13 14:11:17 [notice] 34#34: gracefully shutting down
2025/08/13 14:11:17 [notice] 38#38: exiting
2025/08/13 14:11:17 [notice] 37#37: gracefully shutting down
2025/08/13 14:11:17 [notice] 39#39: gracefully shutting down
2025/08/13 14:11:17 [notice] 30#30: exiting
2025/08/13 14:11:17 [notice] 35#35: exit
2025/08/13 14:11:17 [notice] 31#31: exiting
2025/08/13 14:11:17 [notice] 29#29: exiting
2025/08/13 14:11:17 [notice] 36#36: exiting
2025/08/13 14:11:17 [notice] 32#32: exiting
2025/08/13 14:11:17 [notice] 31#31: exit
2025/08/13 14:11:17 [notice] 34#34: exiting
2025/08/13 14:11:17 [notice] 38#38: exit
2025/08/13 14:11:17 [notice] 32#32: exit
2025/08/13 14:11:17 [notice] 33#33: exit
2025/08/13 14:11:17 [notice] 37#37: exiting
2025/08/13 14:11:17 [notice] 30#30: exit
2025/08/13 14:11:17 [notice] 39#39: exiting
2025/08/13 14:11:17 [notice] 29#29: exit
2025/08/13 14:11:17 [notice] 36#36: exit
2025/08/13 14:11:17 [notice] 39#39: exit
2025/08/13 14:11:17 [notice] 34#34: exit
2025/08/13 14:11:17 [notice] 37#37: exit
2025/08/13 14:11:17 [notice] 1#1: signal 17 (SIGCHLD) received from 30
2025/08/13 14:11:17 [notice] 1#1: worker process 30 exited with code 0
2025/08/13 14:11:17 [notice] 1#1: worker process 31 exited with code 0
2025/08/13 14:11:17 [notice] 1#1: signal 29 (SIGIO) received
2025/08/13 14:11:17 [notice] 1#1: signal 17 (SIGCHLD) received from 33
2025/08/13 14:11:17 [notice] 1#1: worker process 32 exited with code 0
2025/08/13 14:11:17 [notice] 1#1: worker process 33 exited with code 0
2025/08/13 14:11:17 [notice] 1#1: worker process 35 exited with code 0
2025/08/13 14:11:17 [notice] 1#1: worker process 37 exited with code 0
2025/08/13 14:11:17 [notice] 1#1: signal 29 (SIGIO) received
2025/08/13 14:11:17 [notice] 1#1: signal 17 (SIGCHLD) received from 32
2025/08/13 14:11:17 [notice] 1#1: signal 17 (SIGCHLD) received from 38
2025/08/13 14:11:17 [notice] 1#1: worker process 36 exited with code 0
2025/08/13 14:11:17 [notice] 1#1: worker process 38 exited with code 0
2025/08/13 14:11:17 [notice] 1#1: signal 29 (SIGIO) received
2025/08/13 14:11:17 [notice] 1#1: signal 17 (SIGCHLD) received from 34
2025/08/13 14:11:17 [notice] 1#1: worker process 34 exited with code 0
2025/08/13 14:11:17 [notice] 1#1: worker process 29 exited with code 0
2025/08/13 14:11:17 [notice] 1#1: worker process 39 exited with code 0
2025/08/13 14:11:17 [notice] 1#1: exit
2025/08/13 14:12:37 [notice] 1#1: using the "epoll" event method
2025/08/13 14:12:37 [notice] 1#1: nginx/1.29.0
2025/08/13 14:12:37 [notice] 1#1: built by gcc 14.2.0 (Alpine 14.2.0) 
2025/08/13 14:12:37 [notice] 1#1: OS: Linux 6.12.5-linuxkit
2025/08/13 14:12:37 [notice] 1#1: getrlimit(RLIMIT_NOFILE): 1048576:1048576
2025/08/13 14:12:37 [notice] 1#1: start worker processes
2025/08/13 14:12:37 [notice] 1#1: start worker process 29
2025/08/13 14:12:37 [notice] 1#1: start worker process 30
2025/08/13 14:12:37 [notice] 1#1: start worker process 31
2025/08/13 14:12:37 [notice] 1#1: start worker process 32
2025/08/13 14:12:37 [notice] 1#1: start worker process 33
2025/08/13 14:12:37 [notice] 1#1: start worker process 34
2025/08/13 14:12:37 [notice] 1#1: start worker process 35
2025/08/13 14:12:37 [notice] 1#1: start worker process 36
2025/08/13 14:12:37 [notice] 1#1: start worker process 37
2025/08/13 14:12:37 [notice] 1#1: start worker process 38
2025/08/13 14:12:37 [notice] 1#1: start worker process 39
2025/08/13 14:29:06 [notice] 1#1: signal 3 (SIGQUIT) received, shutting down
2025/08/13 14:29:06 [notice] 30#30: gracefully shutting down
2025/08/13 14:29:06 [notice] 34#34: gracefully shutting down
2025/08/13 14:29:06 [notice] 29#29: gracefully shutting down
2025/08/13 14:29:06 [notice] 33#33: gracefully shutting down
2025/08/13 14:29:06 [notice] 32#32: gracefully shutting down
2025/08/13 14:29:06 [notice] 35#35: gracefully shutting down
2025/08/13 14:29:06 [notice] 32#32: exiting
2025/08/13 14:29:06 [notice] 31#31: gracefully shutting down
2025/08/13 14:29:06 [notice] 38#38: gracefully shutting down
2025/08/13 14:29:06 [notice] 36#36: gracefully shutting down
2025/08/13 14:29:06 [notice] 37#37: gracefully shutting down
2025/08/13 14:29:06 [notice] 39#39: gracefully shutting down
2025/08/13 14:29:06 [notice] 31#31: exiting
2025/08/13 14:29:06 [notice] 30#30: exiting
2025/08/13 14:29:06 [notice] 32#32: exit
2025/08/13 14:29:06 [notice] 29#29: exiting
2025/08/13 14:29:06 [notice] 34#34: exiting
2025/08/13 14:29:06 [notice] 30#30: exit
2025/08/13 14:29:06 [notice] 33#33: exiting
2025/08/13 14:29:06 [notice] 35#35: exiting
2025/08/13 14:29:06 [notice] 38#38: exiting
2025/08/13 14:29:06 [notice] 36#36: exiting
2025/08/13 14:29:06 [notice] 37#37: exiting
2025/08/13 14:29:06 [notice] 31#31: exit
2025/08/13 14:29:06 [notice] 39#39: exiting
2025/08/13 14:29:06 [notice] 29#29: exit
2025/08/13 14:29:06 [notice] 34#34: exit
2025/08/13 14:29:06 [notice] 33#33: exit
2025/08/13 14:29:06 [notice] 35#35: exit
2025/08/13 14:29:06 [notice] 36#36: exit
2025/08/13 14:29:06 [notice] 38#38: exit
2025/08/13 14:29:06 [notice] 37#37: exit
2025/08/13 14:29:06 [notice] 39#39: exit
2025/08/13 14:29:06 [notice] 1#1: signal 17 (SIGCHLD) received from 36
2025/08/13 14:29:06 [notice] 1#1: worker process 29 exited with code 0
2025/08/13 14:29:06 [notice] 1#1: worker process 33 exited with code 0
2025/08/13 14:29:06 [notice] 1#1: worker process 36 exited with code 0
2025/08/13 14:29:06 [notice] 1#1: signal 29 (SIGIO) received
2025/08/13 14:29:06 [notice] 1#1: signal 17 (SIGCHLD) received from 31
2025/08/13 14:29:06 [notice] 1#1: worker process 30 exited with code 0
2025/08/13 14:29:06 [notice] 1#1: worker process 31 exited with code 0
2025/08/13 14:29:06 [notice] 1#1: worker process 32 exited with code 0
2025/08/13 14:29:06 [notice] 1#1: signal 29 (SIGIO) received
2025/08/13 14:29:06 [notice] 1#1: signal 17 (SIGCHLD) received from 30
2025/08/13 14:29:06 [notice] 1#1: signal 17 (SIGCHLD) received from 38
2025/08/13 14:29:06 [notice] 1#1: worker process 34 exited with code 0
2025/08/13 14:29:06 [notice] 1#1: worker process 35 exited with code 0
2025/08/13 14:29:06 [notice] 1#1: worker process 38 exited with code 0
2025/08/13 14:29:06 [notice] 1#1: worker process 39 exited with code 0
2025/08/13 14:29:06 [notice] 1#1: signal 29 (SIGIO) received
2025/08/13 14:29:06 [notice] 1#1: signal 17 (SIGCHLD) received from 35
2025/08/13 14:29:06 [notice] 1#1: signal 17 (SIGCHLD) received from 37
2025/08/13 14:29:06 [notice] 1#1: worker process 37 exited with code 0
2025/08/13 14:29:06 [notice] 1#1: exit
2025/08/13 14:57:25 [notice] 1#1: using the "epoll" event method
2025/08/13 14:57:25 [notice] 1#1: nginx/1.29.0
2025/08/13 14:57:25 [notice] 1#1: built by gcc 14.2.0 (Alpine 14.2.0) 
2025/08/13 14:57:25 [notice] 1#1: OS: Linux 6.12.5-linuxkit
2025/08/13 14:57:25 [notice] 1#1: getrlimit(RLIMIT_NOFILE): 1048576:1048576
2025/08/13 14:57:25 [notice] 1#1: start worker processes
2025/08/13 14:57:25 [notice] 1#1: start worker process 28
2025/08/13 14:57:25 [notice] 1#1: start worker process 29
2025/08/13 14:57:25 [notice] 1#1: start worker process 30
2025/08/13 14:57:25 [notice] 1#1: start worker process 31
2025/08/13 14:57:25 [notice] 1#1: start worker process 32
2025/08/13 14:57:25 [notice] 1#1: start worker process 33
2025/08/13 14:57:25 [notice] 1#1: start worker process 34
2025/08/13 14:57:25 [notice] 1#1: start worker process 35
2025/08/13 14:57:25 [notice] 1#1: start worker process 36
2025/08/13 14:57:25 [notice] 1#1: start worker process 37
2025/08/13 14:57:25 [notice] 1#1: start worker process 38
2025/08/13 15:07:36 [notice] 1#1: signal 3 (SIGQUIT) received, shutting down
2025/08/13 15:07:36 [notice] 28#28: gracefully shutting down
2025/08/13 15:07:36 [notice] 29#29: gracefully shutting down
2025/08/13 15:07:36 [notice] 30#30: gracefully shutting down
2025/08/13 15:07:36 [notice] 37#37: gracefully shutting down
2025/08/13 15:07:36 [notice] 29#29: exiting
2025/08/13 15:07:36 [notice] 31#31: gracefully shutting down
2025/08/13 15:07:36 [notice] 32#32: gracefully shutting down
2025/08/13 15:07:36 [notice] 38#38: gracefully shutting down
2025/08/13 15:07:36 [notice] 33#33: gracefully shutting down
2025/08/13 15:07:36 [notice] 34#34: gracefully shutting down
2025/08/13 15:07:36 [notice] 31#31: exiting
2025/08/13 15:07:36 [notice] 28#28: exiting
2025/08/13 15:07:36 [notice] 36#36: gracefully shutting down
2025/08/13 15:07:36 [notice] 35#35: gracefully shutting down
2025/08/13 15:07:36 [notice] 30#30: exiting
2025/08/13 15:07:36 [notice] 37#37: exiting
2025/08/13 15:07:36 [notice] 30#30: exit
2025/08/13 15:07:36 [notice] 32#32: exiting
2025/08/13 15:07:36 [notice] 38#38: exiting
2025/08/13 15:07:36 [notice] 37#37: exit
2025/08/13 15:07:36 [notice] 29#29: exit
2025/08/13 15:07:36 [notice] 33#33: exiting
2025/08/13 15:07:36 [notice] 34#34: exiting
2025/08/13 15:07:36 [notice] 31#31: exit
2025/08/13 15:07:36 [notice] 34#34: exit
2025/08/13 15:07:36 [notice] 28#28: exit
2025/08/13 15:07:36 [notice] 36#36: exiting
2025/08/13 15:07:36 [notice] 35#35: exiting
2025/08/13 15:07:36 [notice] 32#32: exit
2025/08/13 15:07:36 [notice] 36#36: exit
2025/08/13 15:07:36 [notice] 38#38: exit
2025/08/13 15:07:36 [notice] 33#33: exit
2025/08/13 15:07:36 [notice] 35#35: exit
2025/08/13 15:07:36 [notice] 1#1: signal 17 (SIGCHLD) received from 28
2025/08/13 15:07:36 [notice] 1#1: worker process 28 exited with code 0
2025/08/13 15:07:36 [notice] 1#1: worker process 29 exited with code 0
2025/08/13 15:07:36 [notice] 1#1: worker process 30 exited with code 0
2025/08/13 15:07:36 [notice] 1#1: worker process 36 exited with code 0
2025/08/13 15:07:36 [notice] 1#1: worker process 37 exited with code 0
2025/08/13 15:07:36 [notice] 1#1: worker process 38 exited with code 0
2025/08/13 15:07:36 [notice] 1#1: signal 29 (SIGIO) received
2025/08/13 15:07:36 [notice] 1#1: signal 17 (SIGCHLD) received from 30
2025/08/13 15:07:36 [notice] 1#1: signal 17 (SIGCHLD) received from 32
2025/08/13 15:07:36 [notice] 1#1: worker process 32 exited with code 0
2025/08/13 15:07:36 [notice] 1#1: worker process 33 exited with code 0
2025/08/13 15:07:36 [notice] 1#1: worker process 34 exited with code 0
2025/08/13 15:07:36 [notice] 1#1: signal 29 (SIGIO) received
2025/08/13 15:07:36 [notice] 1#1: signal 17 (SIGCHLD) received from 34
2025/08/13 15:07:36 [notice] 1#1: signal 17 (SIGCHLD) received from 35
2025/08/13 15:07:36 [notice] 1#1: worker process 35 exited with code 0
2025/08/13 15:07:36 [notice] 1#1: signal 29 (SIGIO) received
2025/08/13 15:07:36 [notice] 1#1: signal 17 (SIGCHLD) received from 31
2025/08/13 15:07:36 [notice] 1#1: worker process 31 exited with code 0
2025/08/13 15:07:36 [notice] 1#1: exit
2025/08/13 15:08:59 [notice] 1#1: using the "epoll" event method
2025/08/13 15:08:59 [notice] 1#1: nginx/1.29.0
2025/08/13 15:08:59 [notice] 1#1: built by gcc 14.2.0 (Alpine 14.2.0) 
2025/08/13 15:08:59 [notice] 1#1: OS: Linux 6.12.5-linuxkit
2025/08/13 15:08:59 [notice] 1#1: getrlimit(RLIMIT_NOFILE): 1048576:1048576
2025/08/13 15:08:59 [notice] 1#1: start worker processes
2025/08/13 15:08:59 [notice] 1#1: start worker process 29
2025/08/13 15:08:59 [notice] 1#1: start worker process 30
2025/08/13 15:08:59 [notice] 1#1: start worker process 31
2025/08/13 15:08:59 [notice] 1#1: start worker process 32
2025/08/13 15:08:59 [notice] 1#1: start worker process 33
2025/08/13 15:08:59 [notice] 1#1: start worker process 34
2025/08/13 15:08:59 [notice] 1#1: start worker process 35
2025/08/13 15:08:59 [notice] 1#1: start worker process 36
2025/08/13 15:08:59 [notice] 1#1: start worker process 37
2025/08/13 15:08:59 [notice] 1#1: start worker process 38
2025/08/13 15:08:59 [notice] 1#1: start worker process 39
2025/08/13 15:21:29 [notice] 1#1: signal 3 (SIGQUIT) received, shutting down
2025/08/13 15:21:29 [notice] 31#31: gracefully shutting down
2025/08/13 15:21:29 [notice] 30#30: gracefully shutting down
2025/08/13 15:21:29 [notice] 35#35: gracefully shutting down
2025/08/13 15:21:29 [notice] 29#29: gracefully shutting down
2025/08/13 15:21:29 [notice] 32#32: gracefully shutting down
2025/08/13 15:21:29 [notice] 29#29: exiting
2025/08/13 15:21:29 [notice] 34#34: gracefully shutting down
2025/08/13 15:21:29 [notice] 37#37: gracefully shutting down
2025/08/13 15:21:29 [notice] 33#33: gracefully shutting down
2025/08/13 15:21:29 [notice] 36#36: gracefully shutting down
2025/08/13 15:21:29 [notice] 29#29: exit
2025/08/13 15:21:29 [notice] 31#31: exiting
2025/08/13 15:21:29 [notice] 30#30: exiting
2025/08/13 15:21:29 [notice] 39#39: gracefully shutting down
2025/08/13 15:21:29 [notice] 38#38: gracefully shutting down
2025/08/13 15:21:29 [notice] 35#35: exiting
2025/08/13 15:21:29 [notice] 32#32: exiting
2025/08/13 15:21:29 [notice] 35#35: exit
2025/08/13 15:21:29 [notice] 34#34: exiting
2025/08/13 15:21:29 [notice] 37#37: exiting
2025/08/13 15:21:29 [notice] 33#33: exiting
2025/08/13 15:21:29 [notice] 36#36: exiting
2025/08/13 15:21:29 [notice] 31#31: exit
2025/08/13 15:21:29 [notice] 30#30: exit
2025/08/13 15:21:29 [notice] 36#36: exit
2025/08/13 15:21:29 [notice] 39#39: exiting
2025/08/13 15:21:29 [notice] 38#38: exiting
2025/08/13 15:21:29 [notice] 32#32: exit
2025/08/13 15:21:29 [notice] 34#34: exit
2025/08/13 15:21:29 [notice] 37#37: exit
2025/08/13 15:21:29 [notice] 33#33: exit
2025/08/13 15:21:29 [notice] 39#39: exit
2025/08/13 15:21:29 [notice] 38#38: exit
2025/08/13 15:21:29 [notice] 1#1: signal 17 (SIGCHLD) received from 35
2025/08/13 15:21:29 [notice] 1#1: worker process 35 exited with code 0
2025/08/13 15:21:29 [notice] 1#1: worker process 37 exited with code 0
2025/08/13 15:21:29 [notice] 1#1: worker process 38 exited with code 0
2025/08/13 15:21:29 [notice] 1#1: signal 29 (SIGIO) received
2025/08/13 15:21:29 [notice] 1#1: signal 17 (SIGCHLD) received from 32
2025/08/13 15:21:29 [notice] 1#1: worker process 32 exited with code 0
2025/08/13 15:21:29 [notice] 1#1: worker process 33 exited with code 0
2025/08/13 15:21:29 [notice] 1#1: worker process 29 exited with code 0
2025/08/13 15:21:29 [notice] 1#1: worker process 30 exited with code 0
2025/08/13 15:21:29 [notice] 1#1: worker process 34 exited with code 0
2025/08/13 15:21:29 [notice] 1#1: signal 29 (SIGIO) received
2025/08/13 15:21:29 [notice] 1#1: signal 17 (SIGCHLD) received from 33
2025/08/13 15:21:29 [notice] 1#1: signal 17 (SIGCHLD) received from 36
2025/08/13 15:21:29 [notice] 1#1: worker process 36 exited with code 0
2025/08/13 15:21:29 [notice] 1#1: signal 29 (SIGIO) received
2025/08/13 15:21:29 [notice] 1#1: signal 17 (SIGCHLD) received from 31
2025/08/13 15:21:29 [notice] 1#1: worker process 31 exited with code 0
2025/08/13 15:21:29 [notice] 1#1: worker process 39 exited with code 0
2025/08/13 15:21:29 [notice] 1#1: exit
2025/08/13 15:21:29 [notice] 1#1: using the "epoll" event method
2025/08/13 15:21:29 [notice] 1#1: nginx/1.29.0
2025/08/13 15:21:29 [notice] 1#1: built by gcc 14.2.0 (Alpine 14.2.0) 
2025/08/13 15:21:29 [notice] 1#1: OS: Linux 6.12.5-linuxkit
2025/08/13 15:21:29 [notice] 1#1: getrlimit(RLIMIT_NOFILE): 1048576:1048576
2025/08/13 15:21:29 [notice] 1#1: start worker processes
2025/08/13 15:21:29 [notice] 1#1: start worker process 29
2025/08/13 15:21:29 [notice] 1#1: start worker process 30
2025/08/13 15:21:29 [notice] 1#1: start worker process 31
2025/08/13 15:21:29 [notice] 1#1: start worker process 32
2025/08/13 15:21:29 [notice] 1#1: start worker process 33
2025/08/13 15:21:29 [notice] 1#1: start worker process 34
2025/08/13 15:21:29 [notice] 1#1: start worker process 35
2025/08/13 15:21:29 [notice] 1#1: start worker process 36
2025/08/13 15:21:29 [notice] 1#1: start worker process 37
2025/08/13 15:21:29 [notice] 1#1: start worker process 38
2025/08/13 15:21:29 [notice] 1#1: start worker process 39
2025/08/13 15:26:28 [notice] 1#1: signal 3 (SIGQUIT) received, shutting down
2025/08/13 15:26:28 [notice] 30#30: gracefully shutting down
2025/08/13 15:26:28 [notice] 34#34: gracefully shutting down
2025/08/13 15:26:28 [notice] 29#29: gracefully shutting down
2025/08/13 15:26:28 [notice] 31#31: gracefully shutting down
2025/08/13 15:26:28 [notice] 32#32: gracefully shutting down
2025/08/13 15:26:28 [notice] 33#33: gracefully shutting down
2025/08/13 15:26:28 [notice] 38#38: gracefully shutting down
2025/08/13 15:26:28 [notice] 39#39: gracefully shutting down
2025/08/13 15:26:28 [notice] 35#35: gracefully shutting down
2025/08/13 15:26:28 [notice] 36#36: gracefully shutting down
2025/08/13 15:26:28 [notice] 30#30: exiting
2025/08/13 15:26:28 [notice] 37#37: gracefully shutting down
2025/08/13 15:26:28 [notice] 34#34: exiting
2025/08/13 15:26:28 [notice] 29#29: exiting
2025/08/13 15:26:28 [notice] 31#31: exiting
2025/08/13 15:26:28 [notice] 38#38: exiting
2025/08/13 15:26:28 [notice] 32#32: exiting
2025/08/13 15:26:28 [notice] 39#39: exiting
2025/08/13 15:26:28 [notice] 36#36: exiting
2025/08/13 15:26:28 [notice] 33#33: exiting
2025/08/13 15:26:28 [notice] 37#37: exiting
2025/08/13 15:26:28 [notice] 35#35: exiting
2025/08/13 15:26:28 [notice] 30#30: exit
2025/08/13 15:26:28 [notice] 29#29: exit
2025/08/13 15:26:28 [notice] 38#38: exit
2025/08/13 15:26:28 [notice] 36#36: exit
2025/08/13 15:26:28 [notice] 31#31: exit
2025/08/13 15:26:28 [notice] 37#37: exit
2025/08/13 15:26:28 [notice] 39#39: exit
2025/08/13 15:26:28 [notice] 34#34: exit
2025/08/13 15:26:28 [notice] 35#35: exit
2025/08/13 15:26:28 [notice] 33#33: exit
2025/08/13 15:26:28 [notice] 32#32: exit
2025/08/13 15:26:28 [notice] 1#1: signal 17 (SIGCHLD) received from 32
2025/08/13 15:26:28 [notice] 1#1: worker process 32 exited with code 0
2025/08/13 15:26:28 [notice] 1#1: worker process 36 exited with code 0
2025/08/13 15:26:28 [notice] 1#1: signal 29 (SIGIO) received
2025/08/13 15:26:28 [notice] 1#1: signal 17 (SIGCHLD) received from 34
2025/08/13 15:26:28 [notice] 1#1: worker process 31 exited with code 0
2025/08/13 15:26:28 [notice] 1#1: worker process 33 exited with code 0
2025/08/13 15:26:28 [notice] 1#1: worker process 34 exited with code 0
2025/08/13 15:26:28 [notice] 1#1: worker process 37 exited with code 0
2025/08/13 15:26:28 [notice] 1#1: worker process 39 exited with code 0
2025/08/13 15:26:28 [notice] 1#1: signal 29 (SIGIO) received
2025/08/13 15:26:28 [notice] 1#1: signal 17 (SIGCHLD) received from 31
2025/08/13 15:26:28 [notice] 1#1: signal 17 (SIGCHLD) received from 38
2025/08/13 15:26:28 [notice] 1#1: worker process 30 exited with code 0
2025/08/13 15:26:28 [notice] 1#1: worker process 29 exited with code 0
2025/08/13 15:26:28 [notice] 1#1: worker process 35 exited with code 0
2025/08/13 15:26:28 [notice] 1#1: worker process 38 exited with code 0
2025/08/13 15:26:28 [notice] 1#1: exit
2025/08/13 15:27:43 [notice] 1#1: using the "epoll" event method
2025/08/13 15:27:43 [notice] 1#1: nginx/1.29.0
2025/08/13 15:27:43 [notice] 1#1: built by gcc 14.2.0 (Alpine 14.2.0) 
2025/08/13 15:27:43 [notice] 1#1: OS: Linux 6.12.5-linuxkit
2025/08/13 15:27:43 [notice] 1#1: getrlimit(RLIMIT_NOFILE): 1048576:1048576
2025/08/13 15:27:43 [notice] 1#1: start worker processes
2025/08/13 15:27:43 [notice] 1#1: start worker process 29
2025/08/13 15:27:43 [notice] 1#1: start worker process 30
2025/08/13 15:27:43 [notice] 1#1: start worker process 31
2025/08/13 15:27:43 [notice] 1#1: start worker process 32
2025/08/13 15:27:43 [notice] 1#1: start worker process 33
2025/08/13 15:27:43 [notice] 1#1: start worker process 34
2025/08/13 15:27:43 [notice] 1#1: start worker process 35
2025/08/13 15:27:43 [notice] 1#1: start worker process 36
2025/08/13 15:27:43 [notice] 1#1: start worker process 37
2025/08/13 15:27:43 [notice] 1#1: start worker process 38
2025/08/13 15:27:43 [notice] 1#1: start worker process 39
2025/08/13 15:41:39 [notice] 1#1: signal 3 (SIGQUIT) received, shutting down
2025/08/13 15:41:39 [notice] 29#29: gracefully shutting down
2025/08/13 15:41:39 [notice] 32#32: gracefully shutting down
2025/08/13 15:41:39 [notice] 31#31: gracefully shutting down
2025/08/13 15:41:39 [notice] 38#38: gracefully shutting down
2025/08/13 15:41:39 [notice] 30#30: gracefully shutting down
2025/08/13 15:41:39 [notice] 32#32: exiting
2025/08/13 15:41:39 [notice] 37#37: gracefully shutting down
2025/08/13 15:41:39 [notice] 34#34: gracefully shutting down
2025/08/13 15:41:39 [notice] 33#33: gracefully shutting down
2025/08/13 15:41:39 [notice] 36#36: gracefully shutting down
2025/08/13 15:41:39 [notice] 35#35: gracefully shutting down
2025/08/13 15:41:39 [notice] 39#39: gracefully shutting down
2025/08/13 15:41:39 [notice] 29#29: exiting
2025/08/13 15:41:39 [notice] 38#38: exiting
2025/08/13 15:41:39 [notice] 36#36: exiting
2025/08/13 15:41:39 [notice] 31#31: exiting
2025/08/13 15:41:39 [notice] 30#30: exiting
2025/08/13 15:41:39 [notice] 37#37: exiting
2025/08/13 15:41:39 [notice] 34#34: exiting
2025/08/13 15:41:39 [notice] 33#33: exiting
2025/08/13 15:41:39 [notice] 29#29: exit
2025/08/13 15:41:39 [notice] 35#35: exiting
2025/08/13 15:41:39 [notice] 32#32: exit
2025/08/13 15:41:39 [notice] 39#39: exiting
2025/08/13 15:41:39 [notice] 38#38: exit
2025/08/13 15:41:39 [notice] 37#37: exit
2025/08/13 15:41:39 [notice] 36#36: exit
2025/08/13 15:41:39 [notice] 31#31: exit
2025/08/13 15:41:39 [notice] 33#33: exit
2025/08/13 15:41:39 [notice] 30#30: exit
2025/08/13 15:41:39 [notice] 34#34: exit
2025/08/13 15:41:39 [notice] 35#35: exit
2025/08/13 15:41:39 [notice] 39#39: exit
2025/08/13 15:41:39 [notice] 1#1: signal 17 (SIGCHLD) received from 31
2025/08/13 15:41:39 [notice] 1#1: worker process 31 exited with code 0
2025/08/13 15:41:39 [notice] 1#1: signal 29 (SIGIO) received
2025/08/13 15:41:39 [notice] 1#1: signal 17 (SIGCHLD) received from 29
2025/08/13 15:41:39 [notice] 1#1: worker process 29 exited with code 0
2025/08/13 15:41:39 [notice] 1#1: worker process 35 exited with code 0
2025/08/13 15:41:39 [notice] 1#1: worker process 39 exited with code 0
2025/08/13 15:41:39 [notice] 1#1: signal 29 (SIGIO) received
2025/08/13 15:41:39 [notice] 1#1: signal 17 (SIGCHLD) received from 39
2025/08/13 15:41:39 [notice] 1#1: signal 17 (SIGCHLD) received from 34
2025/08/13 15:41:39 [notice] 1#1: worker process 32 exited with code 0
2025/08/13 15:41:39 [notice] 1#1: worker process 34 exited with code 0
2025/08/13 15:41:39 [notice] 1#1: signal 29 (SIGIO) received
2025/08/13 15:41:39 [notice] 1#1: signal 17 (SIGCHLD) received from 32
2025/08/13 15:41:39 [notice] 1#1: signal 17 (SIGCHLD) received from 38
2025/08/13 15:41:39 [notice] 1#1: worker process 30 exited with code 0
2025/08/13 15:41:39 [notice] 1#1: worker process 33 exited with code 0
2025/08/13 15:41:39 [notice] 1#1: worker process 36 exited with code 0
2025/08/13 15:41:39 [notice] 1#1: worker process 37 exited with code 0
2025/08/13 15:41:39 [notice] 1#1: worker process 38 exited with code 0
2025/08/13 15:41:39 [notice] 1#1: exit
2025/08/13 15:42:36 [notice] 1#1: using the "epoll" event method
2025/08/13 15:42:36 [notice] 1#1: nginx/1.29.0
2025/08/13 15:42:36 [notice] 1#1: built by gcc 14.2.0 (Alpine 14.2.0) 
2025/08/13 15:42:36 [notice] 1#1: OS: Linux 6.12.5-linuxkit
2025/08/13 15:42:36 [notice] 1#1: getrlimit(RLIMIT_NOFILE): 1048576:1048576
2025/08/13 15:42:36 [notice] 1#1: start worker processes
2025/08/13 15:42:36 [notice] 1#1: start worker process 29
2025/08/13 15:42:36 [notice] 1#1: start worker process 30
2025/08/13 15:42:36 [notice] 1#1: start worker process 31
2025/08/13 15:42:36 [notice] 1#1: start worker process 32
2025/08/13 15:42:36 [notice] 1#1: start worker process 33
2025/08/13 15:42:36 [notice] 1#1: start worker process 34
2025/08/13 15:42:36 [notice] 1#1: start worker process 35
2025/08/13 15:42:36 [notice] 1#1: start worker process 36
2025/08/13 15:42:36 [notice] 1#1: start worker process 37
2025/08/13 15:42:36 [notice] 1#1: start worker process 38
2025/08/13 15:42:36 [notice] 1#1: start worker process 39
2025/08/13 15:45:20 [error] 34#34: *6 upstream timed out (110: Operation timed out) while connecting to upstream, client: 192.168.65.1, server: localhost, request: "GET /api/oam/alerts?page=1&limit=10 HTTP/1.1", upstream: "https://3.39.162.197:443/oam/alerts?page=1&limit=10", host: "192.168.200.105:3000", referrer: "http://192.168.200.105:3000/netlox/instance/dashboard?name=llb2"
2025/08/13 15:56:25 [notice] 1#1: signal 3 (SIGQUIT) received, shutting down
2025/08/13 15:56:25 [notice] 30#30: gracefully shutting down
2025/08/13 15:56:25 [notice] 31#31: gracefully shutting down
2025/08/13 15:56:25 [notice] 38#38: gracefully shutting down
2025/08/13 15:56:25 [notice] 35#35: gracefully shutting down
2025/08/13 15:56:25 [notice] 33#33: gracefully shutting down
2025/08/13 15:56:25 [notice] 32#32: gracefully shutting down
2025/08/13 15:56:25 [notice] 34#34: gracefully shutting down
2025/08/13 15:56:25 [notice] 36#36: gracefully shutting down
2025/08/13 15:56:25 [notice] 37#37: gracefully shutting down
2025/08/13 15:56:25 [notice] 32#32: exiting
2025/08/13 15:56:25 [notice] 39#39: gracefully shutting down
2025/08/13 15:56:25 [notice] 29#29: gracefully shutting down
2025/08/13 15:56:25 [notice] 33#33: exiting
2025/08/13 15:56:25 [notice] 34#34: exiting
2025/08/13 15:56:25 [notice] 36#36: exiting
2025/08/13 15:56:25 [notice] 29#29: exiting
2025/08/13 15:56:25 [notice] 35#35: exiting
2025/08/13 15:56:25 [notice] 30#30: exiting
2025/08/13 15:56:25 [notice] 38#38: exiting
2025/08/13 15:56:25 [notice] 39#39: exiting
2025/08/13 15:56:25 [notice] 31#31: exiting
2025/08/13 15:56:25 [notice] 36#36: exit
2025/08/13 15:56:25 [notice] 32#32: exit
2025/08/13 15:56:25 [notice] 33#33: exit
2025/08/13 15:56:25 [notice] 34#34: exit
2025/08/13 15:56:25 [notice] 35#35: exit
2025/08/13 15:56:25 [notice] 38#38: exit
2025/08/13 15:56:25 [notice] 30#30: exit
2025/08/13 15:56:25 [notice] 29#29: exit
2025/08/13 15:56:25 [notice] 31#31: exit
2025/08/13 15:56:25 [notice] 39#39: exit
2025/08/13 15:56:25 [notice] 37#37: exiting
2025/08/13 15:56:25 [notice] 37#37: exit
2025/08/13 15:56:25 [notice] 1#1: signal 17 (SIGCHLD) received from 34
2025/08/13 15:56:25 [notice] 1#1: worker process 29 exited with code 0
2025/08/13 15:56:25 [notice] 1#1: worker process 30 exited with code 0
2025/08/13 15:56:25 [notice] 1#1: worker process 31 exited with code 0
2025/08/13 15:56:25 [notice] 1#1: worker process 33 exited with code 0
2025/08/13 15:56:25 [notice] 1#1: worker process 34 exited with code 0
2025/08/13 15:56:25 [notice] 1#1: worker process 35 exited with code 0
2025/08/13 15:56:25 [notice] 1#1: worker process 37 exited with code 0
2025/08/13 15:56:25 [notice] 1#1: signal 29 (SIGIO) received
2025/08/13 15:56:25 [notice] 1#1: signal 17 (SIGCHLD) received from 35
2025/08/13 15:56:25 [notice] 1#1: signal 17 (SIGCHLD) received from 36
2025/08/13 15:56:25 [notice] 1#1: worker process 36 exited with code 0
2025/08/13 15:56:25 [notice] 1#1: signal 29 (SIGIO) received
2025/08/13 15:56:25 [notice] 1#1: signal 17 (SIGCHLD) received from 39
2025/08/13 15:56:25 [notice] 1#1: worker process 38 exited with code 0
2025/08/13 15:56:25 [notice] 1#1: worker process 32 exited with code 0
2025/08/13 15:56:25 [notice] 1#1: worker process 39 exited with code 0
2025/08/13 15:56:25 [notice] 1#1: exit
2025/08/13 15:57:27 [notice] 1#1: using the "epoll" event method
2025/08/13 15:57:27 [notice] 1#1: nginx/1.29.0
2025/08/13 15:57:27 [notice] 1#1: built by gcc 14.2.0 (Alpine 14.2.0) 
2025/08/13 15:57:27 [notice] 1#1: OS: Linux 6.12.5-linuxkit
2025/08/13 15:57:27 [notice] 1#1: getrlimit(RLIMIT_NOFILE): 1048576:1048576
2025/08/13 15:57:27 [notice] 1#1: start worker processes
2025/08/13 15:57:27 [notice] 1#1: start worker process 29
2025/08/13 15:57:27 [notice] 1#1: start worker process 30
2025/08/13 15:57:27 [notice] 1#1: start worker process 31
2025/08/13 15:57:27 [notice] 1#1: start worker process 32
2025/08/13 15:57:27 [notice] 1#1: start worker process 33
2025/08/13 15:57:27 [notice] 1#1: start worker process 34
2025/08/13 15:57:27 [notice] 1#1: start worker process 35
2025/08/13 15:57:27 [notice] 1#1: start worker process 36
2025/08/13 15:57:27 [notice] 1#1: start worker process 37
2025/08/13 15:57:27 [notice] 1#1: start worker process 38
2025/08/13 15:57:27 [notice] 1#1: start worker process 39
2025/08/13 16:04:12 [notice] 1#1: signal 3 (SIGQUIT) received, shutting down
2025/08/13 16:04:12 [notice] 34#34: gracefully shutting down
2025/08/13 16:04:12 [notice] 29#29: gracefully shutting down
2025/08/13 16:04:12 [notice] 30#30: gracefully shutting down
2025/08/13 16:04:12 [notice] 31#31: gracefully shutting down
2025/08/13 16:04:12 [notice] 32#32: gracefully shutting down
2025/08/13 16:04:12 [notice] 35#35: gracefully shutting down
2025/08/13 16:04:12 [notice] 33#33: gracefully shutting down
2025/08/13 16:04:12 [notice] 32#32: exiting
2025/08/13 16:04:12 [notice] 36#36: gracefully shutting down
2025/08/13 16:04:12 [notice] 38#38: gracefully shutting down
2025/08/13 16:04:12 [notice] 37#37: gracefully shutting down
2025/08/13 16:04:12 [notice] 39#39: gracefully shutting down
2025/08/13 16:04:12 [notice] 34#34: exiting
2025/08/13 16:04:12 [notice] 38#38: exiting
2025/08/13 16:04:12 [notice] 29#29: exiting
2025/08/13 16:04:12 [notice] 30#30: exiting
2025/08/13 16:04:12 [notice] 31#31: exiting
2025/08/13 16:04:12 [notice] 35#35: exiting
2025/08/13 16:04:12 [notice] 33#33: exiting
2025/08/13 16:04:12 [notice] 37#37: exiting
2025/08/13 16:04:12 [notice] 36#36: exiting
2025/08/13 16:04:12 [notice] 39#39: exiting
2025/08/13 16:04:12 [notice] 32#32: exit
2025/08/13 16:04:12 [notice] 34#34: exit
2025/08/13 16:04:12 [notice] 33#33: exit
2025/08/13 16:04:12 [notice] 29#29: exit
2025/08/13 16:04:12 [notice] 31#31: exit
2025/08/13 16:04:12 [notice] 35#35: exit
2025/08/13 16:04:12 [notice] 30#30: exit
2025/08/13 16:04:12 [notice] 37#37: exit
2025/08/13 16:04:12 [notice] 39#39: exit
2025/08/13 16:04:12 [notice] 38#38: exit
2025/08/13 16:04:12 [notice] 36#36: exit
2025/08/13 16:04:12 [notice] 1#1: signal 17 (SIGCHLD) received from 32
2025/08/13 16:04:12 [notice] 1#1: worker process 32 exited with code 0
2025/08/13 16:04:12 [notice] 1#1: worker process 33 exited with code 0
2025/08/13 16:04:12 [notice] 1#1: worker process 36 exited with code 0
2025/08/13 16:04:12 [notice] 1#1: worker process 37 exited with code 0
2025/08/13 16:04:12 [notice] 1#1: worker process 38 exited with code 0
2025/08/13 16:04:12 [notice] 1#1: worker process 39 exited with code 0
2025/08/13 16:04:12 [notice] 1#1: signal 29 (SIGIO) received
2025/08/13 16:04:12 [notice] 1#1: signal 17 (SIGCHLD) received from 38
2025/08/13 16:04:12 [notice] 1#1: signal 17 (SIGCHLD) received from 31
2025/08/13 16:04:12 [notice] 1#1: worker process 31 exited with code 0
2025/08/13 16:04:12 [notice] 1#1: worker process 35 exited with code 0
2025/08/13 16:04:12 [notice] 1#1: signal 29 (SIGIO) received
2025/08/13 16:04:12 [notice] 1#1: signal 17 (SIGCHLD) received from 34
2025/08/13 16:04:12 [notice] 1#1: worker process 34 exited with code 0
2025/08/13 16:04:12 [notice] 1#1: worker process 30 exited with code 0
2025/08/13 16:04:12 [notice] 1#1: signal 29 (SIGIO) received
2025/08/13 16:04:12 [notice] 1#1: signal 17 (SIGCHLD) received from 30
2025/08/13 16:04:12 [notice] 1#1: signal 17 (SIGCHLD) received from 29
2025/08/13 16:04:12 [notice] 1#1: worker process 29 exited with code 0
2025/08/13 16:04:12 [notice] 1#1: exit
2025/08/13 16:05:10 [notice] 1#1: using the "epoll" event method
2025/08/13 16:05:10 [notice] 1#1: nginx/1.29.0
2025/08/13 16:05:10 [notice] 1#1: built by gcc 14.2.0 (Alpine 14.2.0) 
2025/08/13 16:05:10 [notice] 1#1: OS: Linux 6.12.5-linuxkit
2025/08/13 16:05:10 [notice] 1#1: getrlimit(RLIMIT_NOFILE): 1048576:1048576
2025/08/13 16:05:10 [notice] 1#1: start worker processes
2025/08/13 16:05:10 [notice] 1#1: start worker process 29
2025/08/13 16:05:10 [notice] 1#1: start worker process 30
2025/08/13 16:05:10 [notice] 1#1: start worker process 31
2025/08/13 16:05:10 [notice] 1#1: start worker process 32
2025/08/13 16:05:10 [notice] 1#1: start worker process 33
2025/08/13 16:05:10 [notice] 1#1: start worker process 34
2025/08/13 16:05:10 [notice] 1#1: start worker process 35
2025/08/13 16:05:10 [notice] 1#1: start worker process 36
2025/08/13 16:05:10 [notice] 1#1: start worker process 37
2025/08/13 16:05:10 [notice] 1#1: start worker process 38
2025/08/13 16:05:10 [notice] 1#1: start worker process 39
2025/08/13 16:05:39 [warn] 30#30: *1 using uninitialized "target_url" variable, client: 192.168.65.1, server: localhost, request: "GET /api/proxy/https://llb-2.loxilb.io:8091/netlox/v1/metrics/hostcount HTTP/1.1", host: "192.168.200.105:3000"
2025/08/13 16:05:39 [warn] 30#30: *1 using uninitialized "proxy_scheme" variable, client: 192.168.65.1, server: localhost, request: "GET /api/proxy/https://llb-2.loxilb.io:8091/netlox/v1/metrics/hostcount HTTP/1.1", host: "192.168.200.105:3000"
2025/08/13 16:05:39 [error] 30#30: *1 invalid URL prefix in "://", client: 192.168.65.1, server: localhost, request: "GET /api/proxy/https://llb-2.loxilb.io:8091/netlox/v1/metrics/hostcount HTTP/1.1", host: "192.168.200.105:3000"
2025/08/13 16:06:00 [warn] 30#30: *18 using uninitialized "target_url" variable, client: 192.168.65.1, server: localhost, request: "GET /api/proxy/https://llb-3.loxilb.io:8091/netlox/v1/config/cistate/all HTTP/1.1", host: "192.168.200.105:3000", referrer: "http://192.168.200.105:3000/netlox/instance"
2025/08/13 16:06:00 [warn] 30#30: *18 using uninitialized "proxy_scheme" variable, client: 192.168.65.1, server: localhost, request: "GET /api/proxy/https://llb-3.loxilb.io:8091/netlox/v1/config/cistate/all HTTP/1.1", host: "192.168.200.105:3000", referrer: "http://192.168.200.105:3000/netlox/instance"
2025/08/13 16:06:00 [error] 30#30: *18 invalid URL prefix in "://", client: 192.168.65.1, server: localhost, request: "GET /api/proxy/https://llb-3.loxilb.io:8091/netlox/v1/config/cistate/all HTTP/1.1", host: "192.168.200.105:3000", referrer: "http://192.168.200.105:3000/netlox/instance"
2025/08/13 16:06:00 [warn] 29#29: *23 using uninitialized "target_url" variable, client: 192.168.65.1, server: localhost, request: "GET /api/proxy/https://llb-2.loxilb.io:8091/netlox/v1/config/cistate/all HTTP/1.1", host: "192.168.200.105:3000", referrer: "http://192.168.200.105:3000/netlox/instance"
2025/08/13 16:06:00 [warn] 29#29: *23 using uninitialized "proxy_scheme" variable, client: 192.168.65.1, server: localhost, request: "GET /api/proxy/https://llb-2.loxilb.io:8091/netlox/v1/config/cistate/all HTTP/1.1", host: "192.168.200.105:3000", referrer: "http://192.168.200.105:3000/netlox/instance"
2025/08/13 16:06:00 [error] 29#29: *23 invalid URL prefix in "://", client: 192.168.65.1, server: localhost, request: "GET /api/proxy/https://llb-2.loxilb.io:8091/netlox/v1/config/cistate/all HTTP/1.1", host: "192.168.200.105:3000", referrer: "http://192.168.200.105:3000/netlox/instance"
2025/08/13 16:06:17 [warn] 29#29: *45 using uninitialized "target_url" variable, client: 192.168.65.1, server: localhost, request: "GET /api/proxy/https://llb-3.loxilb.io:8091/netlox/v1/config/cistate/all HTTP/1.1", host: "192.168.200.105:3000", referrer: "http://192.168.200.105:3000/netlox/instance"
2025/08/13 16:06:17 [warn] 30#30: *38 using uninitialized "target_url" variable, client: 192.168.65.1, server: localhost, request: "GET /api/proxy/https://llb-2.loxilb.io:8091/netlox/v1/config/cistate/all HTTP/1.1", host: "192.168.200.105:3000", referrer: "http://192.168.200.105:3000/netlox/instance"
2025/08/13 16:06:17 [warn] 30#30: *38 using uninitialized "proxy_scheme" variable, client: 192.168.65.1, server: localhost, request: "GET /api/proxy/https://llb-2.loxilb.io:8091/netlox/v1/config/cistate/all HTTP/1.1", host: "192.168.200.105:3000", referrer: "http://192.168.200.105:3000/netlox/instance"
2025/08/13 16:06:17 [warn] 29#29: *45 using uninitialized "proxy_scheme" variable, client: 192.168.65.1, server: localhost, request: "GET /api/proxy/https://llb-3.loxilb.io:8091/netlox/v1/config/cistate/all HTTP/1.1", host: "192.168.200.105:3000", referrer: "http://192.168.200.105:3000/netlox/instance"
2025/08/13 16:06:17 [error] 29#29: *45 invalid URL prefix in "://", client: 192.168.65.1, server: localhost, request: "GET /api/proxy/https://llb-3.loxilb.io:8091/netlox/v1/config/cistate/all HTTP/1.1", host: "192.168.200.105:3000", referrer: "http://192.168.200.105:3000/netlox/instance"
2025/08/13 16:06:17 [error] 30#30: *38 invalid URL prefix in "://", client: 192.168.65.1, server: localhost, request: "GET /api/proxy/https://llb-2.loxilb.io:8091/netlox/v1/config/cistate/all HTTP/1.1", host: "192.168.200.105:3000", referrer: "http://192.168.200.105:3000/netlox/instance"
2025/08/13 16:09:05 [notice] 1#1: signal 3 (SIGQUIT) received, shutting down
2025/08/13 16:09:05 [notice] 30#30: gracefully shutting down
2025/08/13 16:09:05 [notice] 29#29: gracefully shutting down
2025/08/13 16:09:05 [notice] 31#31: gracefully shutting down
2025/08/13 16:09:05 [notice] 38#38: gracefully shutting down
2025/08/13 16:09:05 [notice] 39#39: gracefully shutting down
2025/08/13 16:09:05 [notice] 37#37: gracefully shutting down
2025/08/13 16:09:05 [notice] 37#37: exiting
2025/08/13 16:09:05 [notice] 32#32: gracefully shutting down
2025/08/13 16:09:05 [notice] 33#33: gracefully shutting down
2025/08/13 16:09:05 [notice] 34#34: gracefully shutting down
2025/08/13 16:09:05 [notice] 35#35: gracefully shutting down
2025/08/13 16:09:05 [notice] 36#36: gracefully shutting down
2025/08/13 16:09:05 [notice] 35#35: exiting
2025/08/13 16:09:05 [notice] 30#30: exiting
2025/08/13 16:09:05 [notice] 36#36: exiting
2025/08/13 16:09:05 [notice] 29#29: exiting
2025/08/13 16:09:05 [notice] 31#31: exiting
2025/08/13 16:09:05 [notice] 38#38: exiting
2025/08/13 16:09:05 [notice] 39#39: exiting
2025/08/13 16:09:05 [notice] 37#37: exit
2025/08/13 16:09:05 [notice] 32#32: exiting
2025/08/13 16:09:05 [notice] 33#33: exiting
2025/08/13 16:09:05 [notice] 32#32: exit
2025/08/13 16:09:05 [notice] 34#34: exiting
2025/08/13 16:09:05 [notice] 35#35: exit
2025/08/13 16:09:05 [notice] 30#30: exit
2025/08/13 16:09:05 [notice] 36#36: exit
2025/08/13 16:09:05 [notice] 29#29: exit
2025/08/13 16:09:05 [notice] 31#31: exit
2025/08/13 16:09:05 [notice] 38#38: exit
2025/08/13 16:09:05 [notice] 33#33: exit
2025/08/13 16:09:05 [notice] 39#39: exit
2025/08/13 16:09:05 [notice] 34#34: exit
2025/08/13 16:09:06 [notice] 1#1: signal 17 (SIGCHLD) received from 33
2025/08/13 16:09:06 [notice] 1#1: worker process 30 exited with code 0
2025/08/13 16:09:06 [notice] 1#1: worker process 33 exited with code 0
2025/08/13 16:09:06 [notice] 1#1: worker process 35 exited with code 0
2025/08/13 16:09:06 [notice] 1#1: worker process 37 exited with code 0
2025/08/13 16:09:06 [notice] 1#1: worker process 38 exited with code 0
2025/08/13 16:09:06 [notice] 1#1: worker process 39 exited with code 0
2025/08/13 16:09:06 [notice] 1#1: signal 29 (SIGIO) received
2025/08/13 16:09:06 [notice] 1#1: signal 17 (SIGCHLD) received from 39
2025/08/13 16:09:06 [notice] 1#1: signal 17 (SIGCHLD) received from 29
2025/08/13 16:09:06 [notice] 1#1: worker process 29 exited with code 0
2025/08/13 16:09:06 [notice] 1#1: worker process 31 exited with code 0
2025/08/13 16:09:06 [notice] 1#1: worker process 32 exited with code 0
2025/08/13 16:09:06 [notice] 1#1: worker process 34 exited with code 0
2025/08/13 16:09:06 [notice] 1#1: worker process 36 exited with code 0
2025/08/13 16:09:06 [notice] 1#1: exit
2025/08/13 16:10:20 [notice] 1#1: using the "epoll" event method
2025/08/13 16:10:20 [notice] 1#1: nginx/1.29.0
2025/08/13 16:10:20 [notice] 1#1: built by gcc 14.2.0 (Alpine 14.2.0) 
2025/08/13 16:10:20 [notice] 1#1: OS: Linux 6.12.5-linuxkit
2025/08/13 16:10:20 [notice] 1#1: getrlimit(RLIMIT_NOFILE): 1048576:1048576
2025/08/13 16:10:20 [notice] 1#1: start worker processes
2025/08/13 16:10:20 [notice] 1#1: start worker process 29
2025/08/13 16:10:20 [notice] 1#1: start worker process 30
2025/08/13 16:10:20 [notice] 1#1: start worker process 31
2025/08/13 16:10:20 [notice] 1#1: start worker process 32
2025/08/13 16:10:20 [notice] 1#1: start worker process 33
2025/08/13 16:10:20 [notice] 1#1: start worker process 34
2025/08/13 16:10:20 [notice] 1#1: start worker process 35
2025/08/13 16:10:20 [notice] 1#1: start worker process 36
2025/08/13 16:10:20 [notice] 1#1: start worker process 37
2025/08/13 16:10:20 [notice] 1#1: start worker process 38
2025/08/13 16:10:20 [notice] 1#1: start worker process 39
2025/08/13 16:16:25 [notice] 1#1: signal 3 (SIGQUIT) received, shutting down
2025/08/13 16:16:25 [notice] 31#31: gracefully shutting down
2025/08/13 16:16:25 [notice] 33#33: gracefully shutting down
2025/08/13 16:16:25 [notice] 29#29: gracefully shutting down
2025/08/13 16:16:25 [notice] 32#32: gracefully shutting down
2025/08/13 16:16:25 [notice] 30#30: gracefully shutting down
2025/08/13 16:16:25 [notice] 34#34: gracefully shutting down
2025/08/13 16:16:25 [notice] 35#35: gracefully shutting down
2025/08/13 16:16:25 [notice] 37#37: gracefully shutting down
2025/08/13 16:16:25 [notice] 39#39: gracefully shutting down
2025/08/13 16:16:25 [notice] 36#36: gracefully shutting down
2025/08/13 16:16:25 [notice] 38#38: gracefully shutting down
2025/08/13 16:16:25 [notice] 31#31: exiting
2025/08/13 16:16:25 [notice] 33#33: exiting
2025/08/13 16:16:25 [notice] 29#29: exiting
2025/08/13 16:16:25 [notice] 32#32: exiting
2025/08/13 16:16:25 [notice] 30#30: exiting
2025/08/13 16:16:25 [notice] 38#38: exiting
2025/08/13 16:16:25 [notice] 34#34: exiting
2025/08/13 16:16:25 [notice] 35#35: exiting
2025/08/13 16:16:25 [notice] 37#37: exiting
2025/08/13 16:16:25 [notice] 29#29: exit
2025/08/13 16:16:25 [notice] 36#36: exiting
2025/08/13 16:16:25 [notice] 39#39: exiting
2025/08/13 16:16:25 [notice] 31#31: exit
2025/08/13 16:16:25 [notice] 33#33: exit
2025/08/13 16:16:25 [notice] 32#32: exit
2025/08/13 16:16:25 [notice] 38#38: exit
2025/08/13 16:16:25 [notice] 30#30: exit
2025/08/13 16:16:25 [notice] 34#34: exit
2025/08/13 16:16:25 [notice] 35#35: exit
2025/08/13 16:16:25 [notice] 37#37: exit
2025/08/13 16:16:25 [notice] 39#39: exit
2025/08/13 16:16:25 [notice] 36#36: exit
2025/08/13 16:16:25 [notice] 1#1: signal 17 (SIGCHLD) received from 29
2025/08/13 16:16:25 [notice] 1#1: worker process 29 exited with code 0
2025/08/13 16:16:25 [notice] 1#1: worker process 30 exited with code 0
2025/08/13 16:16:25 [notice] 1#1: worker process 31 exited with code 0
2025/08/13 16:16:25 [notice] 1#1: worker process 34 exited with code 0
2025/08/13 16:16:25 [notice] 1#1: signal 29 (SIGIO) received
2025/08/13 16:16:25 [notice] 1#1: signal 17 (SIGCHLD) received from 34
2025/08/13 16:16:25 [notice] 1#1: signal 17 (SIGCHLD) received from 32
2025/08/13 16:16:25 [notice] 1#1: worker process 32 exited with code 0
2025/08/13 16:16:25 [notice] 1#1: worker process 38 exited with code 0
2025/08/13 16:16:25 [notice] 1#1: worker process 39 exited with code 0
2025/08/13 16:16:25 [notice] 1#1: signal 29 (SIGIO) received
2025/08/13 16:16:25 [notice] 1#1: signal 17 (SIGCHLD) received from 39
2025/08/13 16:16:25 [notice] 1#1: signal 17 (SIGCHLD) received from 33
2025/08/13 16:16:25 [notice] 1#1: worker process 33 exited with code 0
2025/08/13 16:16:25 [notice] 1#1: worker process 37 exited with code 0
2025/08/13 16:16:25 [notice] 1#1: signal 29 (SIGIO) received
2025/08/13 16:16:25 [notice] 1#1: signal 17 (SIGCHLD) received from 37
2025/08/13 16:16:25 [notice] 1#1: signal 17 (SIGCHLD) received from 35
2025/08/13 16:16:25 [notice] 1#1: worker process 35 exited with code 0
2025/08/13 16:16:25 [notice] 1#1: worker process 36 exited with code 0
2025/08/13 16:16:25 [notice] 1#1: exit
2025/08/13 16:17:25 [notice] 1#1: using the "epoll" event method
2025/08/13 16:17:25 [notice] 1#1: nginx/1.29.0
2025/08/13 16:17:25 [notice] 1#1: built by gcc 14.2.0 (Alpine 14.2.0) 
2025/08/13 16:17:25 [notice] 1#1: OS: Linux 6.12.5-linuxkit
2025/08/13 16:17:25 [notice] 1#1: getrlimit(RLIMIT_NOFILE): 1048576:1048576
2025/08/13 16:17:25 [notice] 1#1: start worker processes
2025/08/13 16:17:25 [notice] 1#1: start worker process 29
2025/08/13 16:17:25 [notice] 1#1: start worker process 30
2025/08/13 16:17:25 [notice] 1#1: start worker process 31
2025/08/13 16:17:25 [notice] 1#1: start worker process 32
2025/08/13 16:17:25 [notice] 1#1: start worker process 33
2025/08/13 16:17:25 [notice] 1#1: start worker process 34
2025/08/13 16:17:25 [notice] 1#1: start worker process 35
2025/08/13 16:17:25 [notice] 1#1: start worker process 36
2025/08/13 16:17:25 [notice] 1#1: start worker process 37
2025/08/13 16:17:25 [notice] 1#1: start worker process 38
2025/08/13 16:17:25 [notice] 1#1: start worker process 39
2025/08/13 16:20:04 [notice] 1#1: signal 3 (SIGQUIT) received, shutting down
2025/08/13 16:20:04 [notice] 34#34: gracefully shutting down
2025/08/13 16:20:04 [notice] 37#37: gracefully shutting down
2025/08/13 16:20:04 [notice] 29#29: gracefully shutting down
2025/08/13 16:20:04 [notice] 30#30: gracefully shutting down
2025/08/13 16:20:04 [notice] 34#34: exiting
2025/08/13 16:20:04 [notice] 33#33: gracefully shutting down
2025/08/13 16:20:04 [notice] 31#31: gracefully shutting down
2025/08/13 16:20:04 [notice] 32#32: gracefully shutting down
2025/08/13 16:20:04 [notice] 38#38: gracefully shutting down
2025/08/13 16:20:04 [notice] 39#39: gracefully shutting down
2025/08/13 16:20:04 [notice] 36#36: gracefully shutting down
2025/08/13 16:20:04 [notice] 35#35: gracefully shutting down
2025/08/13 16:20:04 [notice] 37#37: exiting
2025/08/13 16:20:04 [notice] 29#29: exiting
2025/08/13 16:20:04 [notice] 30#30: exiting
2025/08/13 16:20:04 [notice] 35#35: exiting
2025/08/13 16:20:04 [notice] 33#33: exiting
2025/08/13 16:20:04 [notice] 31#31: exiting
2025/08/13 16:20:04 [notice] 34#34: exit
2025/08/13 16:20:04 [notice] 32#32: exiting
2025/08/13 16:20:04 [notice] 38#38: exiting
2025/08/13 16:20:04 [notice] 30#30: exit
2025/08/13 16:20:04 [notice] 39#39: exiting
2025/08/13 16:20:04 [notice] 36#36: exiting
2025/08/13 16:20:04 [notice] 29#29: exit
2025/08/13 16:20:04 [notice] 31#31: exit
2025/08/13 16:20:04 [notice] 33#33: exit
2025/08/13 16:20:04 [notice] 35#35: exit
2025/08/13 16:20:04 [notice] 37#37: exit
2025/08/13 16:20:04 [notice] 32#32: exit
2025/08/13 16:20:04 [notice] 38#38: exit
2025/08/13 16:20:04 [notice] 39#39: exit
2025/08/13 16:20:04 [notice] 36#36: exit
2025/08/13 16:20:04 [notice] 1#1: signal 17 (SIGCHLD) received from 33
2025/08/13 16:20:04 [notice] 1#1: worker process 29 exited with code 0
2025/08/13 16:20:04 [notice] 1#1: worker process 33 exited with code 0
2025/08/13 16:20:04 [notice] 1#1: worker process 38 exited with code 0
2025/08/13 16:20:04 [notice] 1#1: worker process 39 exited with code 0
2025/08/13 16:20:04 [notice] 1#1: signal 29 (SIGIO) received
2025/08/13 16:20:04 [notice] 1#1: signal 17 (SIGCHLD) received from 38
2025/08/13 16:20:04 [notice] 1#1: signal 17 (SIGCHLD) received from 35
2025/08/13 16:20:04 [notice] 1#1: worker process 30 exited with code 0
2025/08/13 16:20:04 [notice] 1#1: worker process 34 exited with code 0
2025/08/13 16:20:04 [notice] 1#1: worker process 35 exited with code 0
2025/08/13 16:20:04 [notice] 1#1: signal 29 (SIGIO) received
2025/08/13 16:20:04 [notice] 1#1: signal 17 (SIGCHLD) received from 34
2025/08/13 16:20:04 [notice] 1#1: signal 17 (SIGCHLD) received from 37
2025/08/13 16:20:04 [notice] 1#1: worker process 36 exited with code 0
2025/08/13 16:20:04 [notice] 1#1: worker process 31 exited with code 0
2025/08/13 16:20:04 [notice] 1#1: worker process 37 exited with code 0
2025/08/13 16:20:04 [notice] 1#1: signal 29 (SIGIO) received
2025/08/13 16:20:04 [notice] 1#1: signal 17 (SIGCHLD) received from 36
2025/08/13 16:20:04 [notice] 1#1: signal 17 (SIGCHLD) received from 32
2025/08/13 16:20:04 [notice] 1#1: worker process 32 exited with code 0
2025/08/13 16:20:04 [notice] 1#1: exit
2025/08/13 16:21:07 [notice] 1#1: using the "epoll" event method
2025/08/13 16:21:07 [notice] 1#1: nginx/1.29.0
2025/08/13 16:21:07 [notice] 1#1: built by gcc 14.2.0 (Alpine 14.2.0) 
2025/08/13 16:21:07 [notice] 1#1: OS: Linux 6.12.5-linuxkit
2025/08/13 16:21:07 [notice] 1#1: getrlimit(RLIMIT_NOFILE): 1048576:1048576
2025/08/13 16:21:07 [notice] 1#1: start worker processes
2025/08/13 16:21:07 [notice] 1#1: start worker process 29
2025/08/13 16:21:07 [notice] 1#1: start worker process 30
2025/08/13 16:21:07 [notice] 1#1: start worker process 31
2025/08/13 16:21:07 [notice] 1#1: start worker process 32
2025/08/13 16:21:07 [notice] 1#1: start worker process 33
2025/08/13 16:21:07 [notice] 1#1: start worker process 34
2025/08/13 16:21:07 [notice] 1#1: start worker process 35
2025/08/13 16:21:07 [notice] 1#1: start worker process 36
2025/08/13 16:21:07 [notice] 1#1: start worker process 37
2025/08/13 16:21:07 [notice] 1#1: start worker process 38
2025/08/13 16:21:07 [notice] 1#1: start worker process 39
2025/08/13 16:23:11 [notice] 1#1: signal 3 (SIGQUIT) received, shutting down
2025/08/13 16:23:11 [notice] 29#29: gracefully shutting down
2025/08/13 16:23:11 [notice] 31#31: gracefully shutting down
2025/08/13 16:23:11 [notice] 30#30: gracefully shutting down
2025/08/13 16:23:11 [notice] 32#32: gracefully shutting down
2025/08/13 16:23:11 [notice] 33#33: gracefully shutting down
2025/08/13 16:23:11 [notice] 35#35: gracefully shutting down
2025/08/13 16:23:11 [notice] 36#36: gracefully shutting down
2025/08/13 16:23:11 [notice] 34#34: gracefully shutting down
2025/08/13 16:23:11 [notice] 37#37: gracefully shutting down
2025/08/13 16:23:11 [notice] 36#36: exiting
2025/08/13 16:23:11 [notice] 38#38: gracefully shutting down
2025/08/13 16:23:11 [notice] 39#39: gracefully shutting down
2025/08/13 16:23:11 [notice] 29#29: exiting
2025/08/13 16:23:11 [notice] 31#31: exiting
2025/08/13 16:23:11 [notice] 30#30: exiting
2025/08/13 16:23:11 [notice] 39#39: exiting
2025/08/13 16:23:11 [notice] 32#32: exiting
2025/08/13 16:23:11 [notice] 33#33: exiting
2025/08/13 16:23:11 [notice] 35#35: exiting
2025/08/13 16:23:11 [notice] 37#37: exiting
2025/08/13 16:23:11 [notice] 31#31: exit
2025/08/13 16:23:11 [notice] 34#34: exiting
2025/08/13 16:23:11 [notice] 39#39: exit
2025/08/13 16:23:11 [notice] 38#38: exiting
2025/08/13 16:23:11 [notice] 29#29: exit
2025/08/13 16:23:11 [notice] 36#36: exit
2025/08/13 16:23:11 [notice] 30#30: exit
2025/08/13 16:23:11 [notice] 35#35: exit
2025/08/13 16:23:11 [notice] 33#33: exit
2025/08/13 16:23:11 [notice] 37#37: exit
2025/08/13 16:23:11 [notice] 38#38: exit
2025/08/13 16:23:11 [notice] 32#32: exit
2025/08/13 16:23:11 [notice] 34#34: exit
2025/08/13 16:23:12 [notice] 1#1: signal 17 (SIGCHLD) received from 30
2025/08/13 16:23:12 [notice] 1#1: worker process 30 exited with code 0
2025/08/13 16:23:12 [notice] 1#1: worker process 31 exited with code 0
2025/08/13 16:23:12 [notice] 1#1: worker process 32 exited with code 0
2025/08/13 16:23:12 [notice] 1#1: worker process 38 exited with code 0
2025/08/13 16:23:12 [notice] 1#1: worker process 39 exited with code 0
2025/08/13 16:23:12 [notice] 1#1: signal 29 (SIGIO) received
2025/08/13 16:23:12 [notice] 1#1: signal 17 (SIGCHLD) received from 32
2025/08/13 16:23:12 [notice] 1#1: signal 17 (SIGCHLD) received from 36
2025/08/13 16:23:12 [notice] 1#1: worker process 36 exited with code 0
2025/08/13 16:23:12 [notice] 1#1: signal 29 (SIGIO) received
2025/08/13 16:23:12 [notice] 1#1: signal 17 (SIGCHLD) received from 33
2025/08/13 16:23:12 [notice] 1#1: worker process 33 exited with code 0
2025/08/13 16:23:12 [notice] 1#1: worker process 29 exited with code 0
2025/08/13 16:23:12 [notice] 1#1: worker process 34 exited with code 0
2025/08/13 16:23:12 [notice] 1#1: worker process 35 exited with code 0
2025/08/13 16:23:12 [notice] 1#1: worker process 37 exited with code 0
2025/08/13 16:23:12 [notice] 1#1: exit
2025/08/13 16:24:14 [emerg] 1#1: no host in upstream "" in /etc/nginx/conf.d/default.conf:53
2025/08/13 16:24:14 [emerg] 1#1: no host in upstream "" in /etc/nginx/conf.d/default.conf:53
2025/08/13 16:24:15 [emerg] 1#1: no host in upstream "" in /etc/nginx/conf.d/default.conf:53
2025/08/13 16:24:15 [emerg] 1#1: no host in upstream "" in /etc/nginx/conf.d/default.conf:53
2025/08/13 16:24:16 [emerg] 1#1: no host in upstream "" in /etc/nginx/conf.d/default.conf:53
2025/08/13 16:24:18 [emerg] 1#1: no host in upstream "" in /etc/nginx/conf.d/default.conf:53
2025/08/13 16:24:21 [emerg] 1#1: no host in upstream "" in /etc/nginx/conf.d/default.conf:53
2025/08/13 16:24:28 [emerg] 1#1: no host in upstream "" in /etc/nginx/conf.d/default.conf:53
2025/08/13 16:24:41 [emerg] 1#1: no host in upstream "" in /etc/nginx/conf.d/default.conf:53
2025/08/13 16:25:07 [emerg] 1#1: no host in upstream "" in /etc/nginx/conf.d/default.conf:53
2025/08/13 16:25:58 [emerg] 1#1: no host in upstream "" in /etc/nginx/conf.d/default.conf:53
2025/08/13 16:27:01 [notice] 1#1: using the "epoll" event method
2025/08/13 16:27:01 [notice] 1#1: nginx/1.29.0
2025/08/13 16:27:01 [notice] 1#1: built by gcc 14.2.0 (Alpine 14.2.0) 
2025/08/13 16:27:01 [notice] 1#1: OS: Linux 6.12.5-linuxkit
2025/08/13 16:27:01 [notice] 1#1: getrlimit(RLIMIT_NOFILE): 1048576:1048576
2025/08/13 16:27:01 [notice] 1#1: start worker processes
2025/08/13 16:27:01 [notice] 1#1: start worker process 29
2025/08/13 16:27:01 [notice] 1#1: start worker process 30
2025/08/13 16:27:01 [notice] 1#1: start worker process 31
2025/08/13 16:27:01 [notice] 1#1: start worker process 32
2025/08/13 16:27:01 [notice] 1#1: start worker process 33
2025/08/13 16:27:01 [notice] 1#1: start worker process 34
2025/08/13 16:27:01 [notice] 1#1: start worker process 35
2025/08/13 16:27:01 [notice] 1#1: start worker process 36
2025/08/13 16:27:01 [notice] 1#1: start worker process 37
2025/08/13 16:27:01 [notice] 1#1: start worker process 38
2025/08/13 16:27:01 [notice] 1#1: start worker process 39
2025/08/13 16:33:36 [notice] 1#1: signal 3 (SIGQUIT) received, shutting down
2025/08/13 16:33:36 [notice] 30#30: gracefully shutting down
2025/08/13 16:33:36 [notice] 35#35: gracefully shutting down
2025/08/13 16:33:36 [notice] 34#34: gracefully shutting down
2025/08/13 16:33:36 [notice] 29#29: gracefully shutting down
2025/08/13 16:33:36 [notice] 31#31: gracefully shutting down
2025/08/13 16:33:36 [notice] 33#33: gracefully shutting down
2025/08/13 16:33:36 [notice] 32#32: gracefully shutting down
2025/08/13 16:33:36 [notice] 31#31: exiting
2025/08/13 16:33:36 [notice] 38#38: gracefully shutting down
2025/08/13 16:33:36 [notice] 37#37: gracefully shutting down
2025/08/13 16:33:36 [notice] 39#39: gracefully shutting down
2025/08/13 16:33:36 [notice] 36#36: gracefully shutting down
2025/08/13 16:33:36 [notice] 35#35: exiting
2025/08/13 16:33:36 [notice] 37#37: exiting
2025/08/13 16:33:36 [notice] 30#30: exiting
2025/08/13 16:33:36 [notice] 34#34: exiting
2025/08/13 16:33:36 [notice] 29#29: exiting
2025/08/13 16:33:36 [notice] 33#33: exiting
2025/08/13 16:33:36 [notice] 32#32: exiting
2025/08/13 16:33:36 [notice] 38#38: exiting
2025/08/13 16:33:36 [notice] 39#39: exiting
2025/08/13 16:33:36 [notice] 36#36: exiting
2025/08/13 16:33:36 [notice] 31#31: exit
2025/08/13 16:33:36 [notice] 34#34: exit
2025/08/13 16:33:36 [notice] 37#37: exit
2025/08/13 16:33:36 [notice] 33#33: exit
2025/08/13 16:33:36 [notice] 30#30: exit
2025/08/13 16:33:36 [notice] 35#35: exit
2025/08/13 16:33:36 [notice] 29#29: exit
2025/08/13 16:33:36 [notice] 32#32: exit
2025/08/13 16:33:36 [notice] 38#38: exit
2025/08/13 16:33:36 [notice] 39#39: exit
2025/08/13 16:33:36 [notice] 36#36: exit
2025/08/13 16:33:36 [notice] 1#1: signal 17 (SIGCHLD) received from 37
2025/08/13 16:33:36 [notice] 1#1: worker process 31 exited with code 0
2025/08/13 16:33:36 [notice] 1#1: worker process 34 exited with code 0
2025/08/13 16:33:36 [notice] 1#1: worker process 37 exited with code 0
2025/08/13 16:33:36 [notice] 1#1: worker process 39 exited with code 0
2025/08/13 16:33:36 [notice] 1#1: signal 29 (SIGIO) received
2025/08/13 16:33:36 [notice] 1#1: signal 17 (SIGCHLD) received from 31
2025/08/13 16:33:36 [notice] 1#1: signal 17 (SIGCHLD) received from 33
2025/08/13 16:33:36 [notice] 1#1: worker process 32 exited with code 0
2025/08/13 16:33:36 [notice] 1#1: worker process 29 exited with code 0
2025/08/13 16:33:36 [notice] 1#1: worker process 33 exited with code 0
2025/08/13 16:33:36 [notice] 1#1: signal 29 (SIGIO) received
2025/08/13 16:33:36 [notice] 1#1: signal 17 (SIGCHLD) received from 29
2025/08/13 16:33:36 [notice] 1#1: signal 17 (SIGCHLD) received from 35
2025/08/13 16:33:36 [notice] 1#1: worker process 35 exited with code 0
2025/08/13 16:33:36 [notice] 1#1: worker process 36 exited with code 0
2025/08/13 16:33:36 [notice] 1#1: worker process 30 exited with code 0
2025/08/13 16:33:36 [notice] 1#1: worker process 38 exited with code 0
2025/08/13 16:33:36 [notice] 1#1: exit
2025/08/13 16:35:23 [notice] 1#1: using the "epoll" event method
2025/08/13 16:35:23 [notice] 1#1: nginx/1.29.0
2025/08/13 16:35:23 [notice] 1#1: built by gcc 14.2.0 (Alpine 14.2.0) 
2025/08/13 16:35:23 [notice] 1#1: OS: Linux 6.12.5-linuxkit
2025/08/13 16:35:23 [notice] 1#1: getrlimit(RLIMIT_NOFILE): 1048576:1048576
2025/08/13 16:35:23 [notice] 1#1: start worker processes
2025/08/13 16:35:23 [notice] 1#1: start worker process 28
2025/08/13 16:35:23 [notice] 1#1: start worker process 29
2025/08/13 16:35:23 [notice] 1#1: start worker process 30
2025/08/13 16:35:23 [notice] 1#1: start worker process 31
2025/08/13 16:35:23 [notice] 1#1: start worker process 32
2025/08/13 16:35:23 [notice] 1#1: start worker process 33
2025/08/13 16:35:23 [notice] 1#1: start worker process 34
2025/08/13 16:35:23 [notice] 1#1: start worker process 35
2025/08/13 16:35:23 [notice] 1#1: start worker process 36
2025/08/13 16:35:23 [notice] 1#1: start worker process 37
2025/08/13 16:35:23 [notice] 1#1: start worker process 38
2025/08/13 16:38:05 [notice] 1#1: signal 3 (SIGQUIT) received, shutting down
2025/08/13 16:38:05 [notice] 28#28: gracefully shutting down
2025/08/13 16:38:05 [notice] 29#29: gracefully shutting down
2025/08/13 16:38:05 [notice] 34#34: gracefully shutting down
2025/08/13 16:38:05 [notice] 30#30: gracefully shutting down
2025/08/13 16:38:05 [notice] 35#35: gracefully shutting down
2025/08/13 16:38:05 [notice] 33#33: gracefully shutting down
2025/08/13 16:38:05 [notice] 32#32: gracefully shutting down
2025/08/13 16:38:05 [notice] 38#38: gracefully shutting down
2025/08/13 16:38:05 [notice] 31#31: gracefully shutting down
2025/08/13 16:38:05 [notice] 36#36: gracefully shutting down
2025/08/13 16:38:05 [notice] 32#32: exiting
2025/08/13 16:38:05 [notice] 28#28: exiting
2025/08/13 16:38:05 [notice] 37#37: gracefully shutting down
2025/08/13 16:38:05 [notice] 29#29: exiting
2025/08/13 16:38:05 [notice] 34#34: exiting
2025/08/13 16:38:05 [notice] 30#30: exiting
2025/08/13 16:38:05 [notice] 35#35: exiting
2025/08/13 16:38:05 [notice] 33#33: exiting
2025/08/13 16:38:05 [notice] 38#38: exiting
2025/08/13 16:38:05 [notice] 31#31: exiting
2025/08/13 16:38:05 [notice] 36#36: exiting
2025/08/13 16:38:05 [notice] 37#37: exiting
2025/08/13 16:38:05 [notice] 33#33: exit
2025/08/13 16:38:05 [notice] 36#36: exit
2025/08/13 16:38:05 [notice] 29#29: exit
2025/08/13 16:38:05 [notice] 35#35: exit
2025/08/13 16:38:05 [notice] 28#28: exit
2025/08/13 16:38:05 [notice] 32#32: exit
2025/08/13 16:38:05 [notice] 30#30: exit
2025/08/13 16:38:05 [notice] 38#38: exit
2025/08/13 16:38:05 [notice] 37#37: exit
2025/08/13 16:38:05 [notice] 31#31: exit
2025/08/13 16:38:05 [notice] 34#34: exit
2025/08/13 16:38:05 [notice] 1#1: signal 17 (SIGCHLD) received from 29
2025/08/13 16:38:05 [notice] 1#1: worker process 28 exited with code 0
2025/08/13 16:38:05 [notice] 1#1: worker process 29 exited with code 0
2025/08/13 16:38:05 [notice] 1#1: worker process 30 exited with code 0
2025/08/13 16:38:05 [notice] 1#1: worker process 32 exited with code 0
2025/08/13 16:38:05 [notice] 1#1: worker process 33 exited with code 0
2025/08/13 16:38:05 [notice] 1#1: worker process 34 exited with code 0
2025/08/13 16:38:05 [notice] 1#1: worker process 35 exited with code 0
2025/08/13 16:38:05 [notice] 1#1: worker process 38 exited with code 0
2025/08/13 16:38:05 [notice] 1#1: signal 29 (SIGIO) received
2025/08/13 16:38:05 [notice] 1#1: signal 17 (SIGCHLD) received from 28
2025/08/13 16:38:05 [notice] 1#1: signal 17 (SIGCHLD) received from 31
2025/08/13 16:38:05 [notice] 1#1: worker process 31 exited with code 0
2025/08/13 16:38:05 [notice] 1#1: signal 29 (SIGIO) received
2025/08/13 16:38:05 [notice] 1#1: signal 17 (SIGCHLD) received from 37
2025/08/13 16:38:05 [notice] 1#1: worker process 36 exited with code 0
2025/08/13 16:38:05 [notice] 1#1: worker process 37 exited with code 0
2025/08/13 16:38:05 [notice] 1#1: exit
2025/08/13 16:39:07 [notice] 1#1: using the "epoll" event method
2025/08/13 16:39:07 [notice] 1#1: nginx/1.29.0
2025/08/13 16:39:07 [notice] 1#1: built by gcc 14.2.0 (Alpine 14.2.0) 
2025/08/13 16:39:07 [notice] 1#1: OS: Linux 6.12.5-linuxkit
2025/08/13 16:39:07 [notice] 1#1: getrlimit(RLIMIT_NOFILE): 1048576:1048576
2025/08/13 16:39:07 [notice] 1#1: start worker processes
2025/08/13 16:39:07 [notice] 1#1: start worker process 29
2025/08/13 16:39:07 [notice] 1#1: start worker process 30
2025/08/13 16:39:07 [notice] 1#1: start worker process 31
2025/08/13 16:39:07 [notice] 1#1: start worker process 32
2025/08/13 16:39:07 [notice] 1#1: start worker process 33
2025/08/13 16:39:07 [notice] 1#1: start worker process 34
2025/08/13 16:39:07 [notice] 1#1: start worker process 35
2025/08/13 16:39:07 [notice] 1#1: start worker process 36
2025/08/13 16:39:07 [notice] 1#1: start worker process 37
2025/08/13 16:39:07 [notice] 1#1: start worker process 38
2025/08/13 16:39:07 [notice] 1#1: start worker process 39
2025/08/13 16:40:47 [notice] 1#1: signal 3 (SIGQUIT) received, shutting down
2025/08/13 16:40:47 [notice] 29#29: gracefully shutting down
2025/08/13 16:40:47 [notice] 30#30: gracefully shutting down
2025/08/13 16:40:47 [notice] 35#35: gracefully shutting down
2025/08/13 16:40:47 [notice] 31#31: gracefully shutting down
2025/08/13 16:40:47 [notice] 32#32: gracefully shutting down
2025/08/13 16:40:47 [notice] 36#36: gracefully shutting down
2025/08/13 16:40:47 [notice] 33#33: gracefully shutting down
2025/08/13 16:40:47 [notice] 37#37: gracefully shutting down
2025/08/13 16:40:47 [notice] 34#34: gracefully shutting down
2025/08/13 16:40:47 [notice] 39#39: gracefully shutting down
2025/08/13 16:40:47 [notice] 29#29: exiting
2025/08/13 16:40:47 [notice] 33#33: exiting
2025/08/13 16:40:47 [notice] 38#38: gracefully shutting down
2025/08/13 16:40:47 [notice] 30#30: exiting
2025/08/13 16:40:47 [notice] 35#35: exiting
2025/08/13 16:40:47 [notice] 34#34: exiting
2025/08/13 16:40:47 [notice] 32#32: exiting
2025/08/13 16:40:47 [notice] 31#31: exiting
2025/08/13 16:40:47 [notice] 36#36: exiting
2025/08/13 16:40:47 [notice] 37#37: exiting
2025/08/13 16:40:47 [notice] 39#39: exiting
2025/08/13 16:40:47 [notice] 38#38: exiting
2025/08/13 16:40:47 [notice] 32#32: exit
2025/08/13 16:40:47 [notice] 29#29: exit
2025/08/13 16:40:47 [notice] 33#33: exit
2025/08/13 16:40:47 [notice] 35#35: exit
2025/08/13 16:40:47 [notice] 30#30: exit
2025/08/13 16:40:47 [notice] 36#36: exit
2025/08/13 16:40:47 [notice] 37#37: exit
2025/08/13 16:40:47 [notice] 39#39: exit
2025/08/13 16:40:47 [notice] 38#38: exit
2025/08/13 16:40:47 [notice] 31#31: exit
2025/08/13 16:40:47 [notice] 34#34: exit
2025/08/13 16:40:47 [notice] 1#1: signal 17 (SIGCHLD) received from 31
2025/08/13 16:40:47 [notice] 1#1: worker process 29 exited with code 0
2025/08/13 16:40:47 [notice] 1#1: worker process 31 exited with code 0
2025/08/13 16:40:47 [notice] 1#1: worker process 35 exited with code 0
2025/08/13 16:40:47 [notice] 1#1: worker process 39 exited with code 0
2025/08/13 16:40:47 [notice] 1#1: signal 29 (SIGIO) received
2025/08/13 16:40:47 [notice] 1#1: signal 17 (SIGCHLD) received from 35
2025/08/13 16:40:47 [notice] 1#1: signal 17 (SIGCHLD) received from 38
2025/08/13 16:40:47 [notice] 1#1: worker process 36 exited with code 0
2025/08/13 16:40:47 [notice] 1#1: worker process 38 exited with code 0
2025/08/13 16:40:47 [notice] 1#1: signal 29 (SIGIO) received
2025/08/13 16:40:47 [notice] 1#1: signal 17 (SIGCHLD) received from 36
2025/08/13 16:40:47 [notice] 1#1: signal 17 (SIGCHLD) received from 30
2025/08/13 16:40:47 [notice] 1#1: worker process 30 exited with code 0
2025/08/13 16:40:47 [notice] 1#1: worker process 32 exited with code 0
2025/08/13 16:40:47 [notice] 1#1: worker process 34 exited with code 0
2025/08/13 16:40:47 [notice] 1#1: worker process 37 exited with code 0
2025/08/13 16:40:47 [notice] 1#1: signal 29 (SIGIO) received
2025/08/13 16:40:47 [notice] 1#1: signal 17 (SIGCHLD) received from 34
2025/08/13 16:40:47 [notice] 1#1: signal 17 (SIGCHLD) received from 33
2025/08/13 16:40:47 [notice] 1#1: worker process 33 exited with code 0
2025/08/13 16:40:47 [notice] 1#1: exit
2025/08/13 16:42:21 [notice] 1#1: using the "epoll" event method
2025/08/13 16:42:21 [notice] 1#1: nginx/1.29.0
2025/08/13 16:42:21 [notice] 1#1: built by gcc 14.2.0 (Alpine 14.2.0) 
2025/08/13 16:42:21 [notice] 1#1: OS: Linux 6.12.5-linuxkit
2025/08/13 16:42:21 [notice] 1#1: getrlimit(RLIMIT_NOFILE): 1048576:1048576
2025/08/13 16:42:21 [notice] 1#1: start worker processes
2025/08/13 16:42:21 [notice] 1#1: start worker process 29
2025/08/13 16:42:21 [notice] 1#1: start worker process 30
2025/08/13 16:42:21 [notice] 1#1: start worker process 31
2025/08/13 16:42:21 [notice] 1#1: start worker process 32
2025/08/13 16:42:21 [notice] 1#1: start worker process 33
2025/08/13 16:42:21 [notice] 1#1: start worker process 34
2025/08/13 16:42:21 [notice] 1#1: start worker process 35
2025/08/13 16:42:21 [notice] 1#1: start worker process 36
2025/08/13 16:42:21 [notice] 1#1: start worker process 37
2025/08/13 16:42:21 [notice] 1#1: start worker process 38
2025/08/13 16:42:21 [notice] 1#1: start worker process 39
2025/08/13 16:43:45 [notice] 1#1: signal 3 (SIGQUIT) received, shutting down
2025/08/13 16:43:45 [notice] 29#29: gracefully shutting down
2025/08/13 16:43:45 [notice] 31#31: gracefully shutting down
2025/08/13 16:43:45 [notice] 33#33: gracefully shutting down
2025/08/13 16:43:45 [notice] 38#38: gracefully shutting down
2025/08/13 16:43:45 [notice] 37#37: gracefully shutting down
2025/08/13 16:43:45 [notice] 32#32: gracefully shutting down
2025/08/13 16:43:45 [notice] 39#39: gracefully shutting down
2025/08/13 16:43:45 [notice] 34#34: gracefully shutting down
2025/08/13 16:43:45 [notice] 36#36: gracefully shutting down
2025/08/13 16:43:45 [notice] 35#35: gracefully shutting down
2025/08/13 16:43:45 [notice] 30#30: gracefully shutting down
2025/08/13 16:43:45 [notice] 31#31: exiting
2025/08/13 16:43:45 [notice] 38#38: exiting
2025/08/13 16:43:45 [notice] 29#29: exiting
2025/08/13 16:43:45 [notice] 37#37: exiting
2025/08/13 16:43:45 [notice] 39#39: exiting
2025/08/13 16:43:45 [notice] 36#36: exiting
2025/08/13 16:43:45 [notice] 33#33: exiting
2025/08/13 16:43:45 [notice] 32#32: exiting
2025/08/13 16:43:45 [notice] 34#34: exiting
2025/08/13 16:43:45 [notice] 30#30: exiting
2025/08/13 16:43:45 [notice] 33#33: exit
2025/08/13 16:43:45 [notice] 35#35: exiting
2025/08/13 16:43:45 [notice] 38#38: exit
2025/08/13 16:43:45 [notice] 39#39: exit
2025/08/13 16:43:45 [notice] 30#30: exit
2025/08/13 16:43:45 [notice] 29#29: exit
2025/08/13 16:43:45 [notice] 31#31: exit
2025/08/13 16:43:45 [notice] 37#37: exit
2025/08/13 16:43:45 [notice] 36#36: exit
2025/08/13 16:43:45 [notice] 32#32: exit
2025/08/13 16:43:45 [notice] 34#34: exit
2025/08/13 16:43:45 [notice] 35#35: exit
2025/08/13 16:43:46 [notice] 1#1: signal 17 (SIGCHLD) received from 36
2025/08/13 16:43:46 [notice] 1#1: worker process 35 exited with code 0
2025/08/13 16:43:46 [notice] 1#1: worker process 36 exited with code 0
2025/08/13 16:43:46 [notice] 1#1: worker process 37 exited with code 0
2025/08/13 16:43:46 [notice] 1#1: signal 29 (SIGIO) received
2025/08/13 16:43:46 [notice] 1#1: signal 17 (SIGCHLD) received from 32
2025/08/13 16:43:46 [notice] 1#1: worker process 30 exited with code 0
2025/08/13 16:43:46 [notice] 1#1: worker process 32 exited with code 0
2025/08/13 16:43:46 [notice] 1#1: worker process 33 exited with code 0
2025/08/13 16:43:46 [notice] 1#1: signal 29 (SIGIO) received
2025/08/13 16:43:46 [notice] 1#1: signal 17 (SIGCHLD) received from 33
2025/08/13 16:43:46 [notice] 1#1: signal 17 (SIGCHLD) received from 31
2025/08/13 16:43:46 [notice] 1#1: worker process 31 exited with code 0
2025/08/13 16:43:46 [notice] 1#1: worker process 38 exited with code 0
2025/08/13 16:43:46 [notice] 1#1: worker process 39 exited with code 0
2025/08/13 16:43:46 [notice] 1#1: signal 29 (SIGIO) received
2025/08/13 16:43:46 [notice] 1#1: signal 17 (SIGCHLD) received from 38
2025/08/13 16:43:46 [notice] 1#1: signal 17 (SIGCHLD) received from 34
2025/08/13 16:43:46 [notice] 1#1: worker process 34 exited with code 0
2025/08/13 16:43:46 [notice] 1#1: worker process 29 exited with code 0
2025/08/13 16:43:46 [notice] 1#1: exit
2025/08/13 16:45:13 [notice] 1#1: using the "epoll" event method
2025/08/13 16:45:13 [notice] 1#1: nginx/1.29.0
2025/08/13 16:45:13 [notice] 1#1: built by gcc 14.2.0 (Alpine 14.2.0) 
2025/08/13 16:45:13 [notice] 1#1: OS: Linux 6.12.5-linuxkit
2025/08/13 16:45:13 [notice] 1#1: getrlimit(RLIMIT_NOFILE): 1048576:1048576
2025/08/13 16:45:13 [notice] 1#1: start worker processes
2025/08/13 16:45:13 [notice] 1#1: start worker process 29
2025/08/13 16:45:13 [notice] 1#1: start worker process 30
2025/08/13 16:45:13 [notice] 1#1: start worker process 31
2025/08/13 16:45:13 [notice] 1#1: start worker process 32
2025/08/13 16:45:13 [notice] 1#1: start worker process 33
2025/08/13 16:45:13 [notice] 1#1: start worker process 34
2025/08/13 16:45:13 [notice] 1#1: start worker process 35
2025/08/13 16:45:13 [notice] 1#1: start worker process 36
2025/08/13 16:45:13 [notice] 1#1: start worker process 37
2025/08/13 16:45:13 [notice] 1#1: start worker process 38
2025/08/13 16:45:13 [notice] 1#1: start worker process 39
2025/08/13 16:53:07 [error] 34#34: *374 upstream timed out (110: Operation timed out) while connecting to upstream, client: 192.168.65.1, server: localhost, request: "GET /api/oam/alerts?page=1&limit=10 HTTP/1.1", upstream: "https://3.39.162.197:443/oam/alerts?page=1&limit=10", host: "192.168.200.105:3000", referrer: "http://192.168.200.105:3000/netlox/cors"
2025/08/13 16:54:35 [notice] 1#1: signal 3 (SIGQUIT) received, shutting down
2025/08/13 16:54:35 [notice] 36#36: gracefully shutting down
2025/08/13 16:54:35 [notice] 29#29: gracefully shutting down
2025/08/13 16:54:35 [notice] 35#35: gracefully shutting down
2025/08/13 16:54:35 [notice] 30#30: gracefully shutting down
2025/08/13 16:54:35 [notice] 31#31: gracefully shutting down
2025/08/13 16:54:35 [notice] 37#37: gracefully shutting down
2025/08/13 16:54:35 [notice] 33#33: gracefully shutting down
2025/08/13 16:54:35 [notice] 32#32: gracefully shutting down
2025/08/13 16:54:35 [notice] 38#38: gracefully shutting down
2025/08/13 16:54:35 [notice] 39#39: gracefully shutting down
2025/08/13 16:54:35 [notice] 34#34: gracefully shutting down
2025/08/13 16:54:35 [notice] 38#38: exiting
2025/08/13 16:54:35 [notice] 36#36: exiting
2025/08/13 16:54:35 [notice] 29#29: exiting
2025/08/13 16:54:35 [notice] 35#35: exiting
2025/08/13 16:54:35 [notice] 30#30: exiting
2025/08/13 16:54:35 [notice] 31#31: exiting
2025/08/13 16:54:35 [notice] 37#37: exiting
2025/08/13 16:54:35 [notice] 38#38: exit
2025/08/13 16:54:35 [notice] 33#33: exiting
2025/08/13 16:54:35 [notice] 29#29: exit
2025/08/13 16:54:35 [notice] 32#32: exiting
2025/08/13 16:54:35 [notice] 39#39: exiting
2025/08/13 16:54:35 [notice] 34#34: exiting
2025/08/13 16:54:35 [notice] 36#36: exit
2025/08/13 16:54:35 [notice] 35#35: exit
2025/08/13 16:54:35 [notice] 30#30: exit
2025/08/13 16:54:35 [notice] 37#37: exit
2025/08/13 16:54:35 [notice] 39#39: exit
2025/08/13 16:54:35 [notice] 31#31: exit
2025/08/13 16:54:35 [notice] 33#33: exit
2025/08/13 16:54:35 [notice] 32#32: exit
2025/08/13 16:54:35 [notice] 34#34: exit
2025/08/13 16:54:35 [notice] 1#1: signal 17 (SIGCHLD) received from 37
2025/08/13 16:54:35 [notice] 1#1: worker process 30 exited with code 0
2025/08/13 16:54:35 [notice] 1#1: worker process 33 exited with code 0
2025/08/13 16:54:35 [notice] 1#1: worker process 36 exited with code 0
2025/08/13 16:54:35 [notice] 1#1: worker process 37 exited with code 0
2025/08/13 16:54:35 [notice] 1#1: worker process 38 exited with code 0
2025/08/13 16:54:35 [notice] 1#1: worker process 39 exited with code 0
2025/08/13 16:54:35 [notice] 1#1: signal 29 (SIGIO) received
2025/08/13 16:54:35 [notice] 1#1: signal 17 (SIGCHLD) received from 30
2025/08/13 16:54:35 [notice] 1#1: signal 17 (SIGCHLD) received from 32
2025/08/13 16:54:35 [notice] 1#1: worker process 31 exited with code 0
2025/08/13 16:54:35 [notice] 1#1: worker process 32 exited with code 0
2025/08/13 16:54:35 [notice] 1#1: signal 29 (SIGIO) received
2025/08/13 16:54:35 [notice] 1#1: signal 17 (SIGCHLD) received from 31
2025/08/13 16:54:35 [notice] 1#1: signal 17 (SIGCHLD) received from 35
2025/08/13 16:54:35 [notice] 1#1: worker process 29 exited with code 0
2025/08/13 16:54:35 [notice] 1#1: worker process 34 exited with code 0
2025/08/13 16:54:35 [notice] 1#1: worker process 35 exited with code 0
2025/08/13 16:54:35 [notice] 1#1: exit
2025/08/13 16:55:36 [notice] 1#1: using the "epoll" event method
2025/08/13 16:55:36 [notice] 1#1: nginx/1.29.0
2025/08/13 16:55:36 [notice] 1#1: built by gcc 14.2.0 (Alpine 14.2.0) 
2025/08/13 16:55:36 [notice] 1#1: OS: Linux 6.12.5-linuxkit
2025/08/13 16:55:36 [notice] 1#1: getrlimit(RLIMIT_NOFILE): 1048576:1048576
2025/08/13 16:55:36 [notice] 1#1: start worker processes
2025/08/13 16:55:36 [notice] 1#1: start worker process 29
2025/08/13 16:55:36 [notice] 1#1: start worker process 30
2025/08/13 16:55:36 [notice] 1#1: start worker process 31
2025/08/13 16:55:36 [notice] 1#1: start worker process 32
2025/08/13 16:55:36 [notice] 1#1: start worker process 33
2025/08/13 16:55:36 [notice] 1#1: start worker process 34
2025/08/13 16:55:36 [notice] 1#1: start worker process 35
2025/08/13 16:55:36 [notice] 1#1: start worker process 36
2025/08/13 16:55:36 [notice] 1#1: start worker process 37
2025/08/13 16:55:36 [notice] 1#1: start worker process 38
2025/08/13 16:55:36 [notice] 1#1: start worker process 39
2025/08/13 17:04:54 [notice] 1#1: signal 3 (SIGQUIT) received, shutting down
2025/08/13 17:04:54 [notice] 31#31: gracefully shutting down
2025/08/13 17:04:54 [notice] 29#29: gracefully shutting down
2025/08/13 17:04:54 [notice] 32#32: gracefully shutting down
2025/08/13 17:04:54 [notice] 35#35: gracefully shutting down
2025/08/13 17:04:54 [notice] 34#34: gracefully shutting down
2025/08/13 17:04:54 [notice] 37#37: gracefully shutting down
2025/08/13 17:04:54 [notice] 33#33: gracefully shutting down
2025/08/13 17:04:54 [notice] 36#36: gracefully shutting down
2025/08/13 17:04:54 [notice] 38#38: gracefully shutting down
2025/08/13 17:04:54 [notice] 39#39: gracefully shutting down
2025/08/13 17:04:54 [notice] 30#30: gracefully shutting down
2025/08/13 17:04:54 [notice] 31#31: exiting
2025/08/13 17:04:54 [notice] 39#39: exiting
2025/08/13 17:04:54 [notice] 29#29: exiting
2025/08/13 17:04:54 [notice] 35#35: exiting
2025/08/13 17:04:54 [notice] 32#32: exiting
2025/08/13 17:04:54 [notice] 34#34: exiting
2025/08/13 17:04:54 [notice] 37#37: exiting
2025/08/13 17:04:54 [notice] 33#33: exiting
2025/08/13 17:04:54 [notice] 36#36: exiting
2025/08/13 17:04:54 [notice] 38#38: exiting
2025/08/13 17:04:54 [notice] 30#30: exiting
2025/08/13 17:04:54 [notice] 35#35: exit
2025/08/13 17:04:54 [notice] 34#34: exit
2025/08/13 17:04:54 [notice] 39#39: exit
2025/08/13 17:04:54 [notice] 31#31: exit
2025/08/13 17:04:54 [notice] 30#30: exit
2025/08/13 17:04:54 [notice] 37#37: exit
2025/08/13 17:04:54 [notice] 32#32: exit
2025/08/13 17:04:54 [notice] 33#33: exit
2025/08/13 17:04:54 [notice] 29#29: exit
2025/08/13 17:04:54 [notice] 38#38: exit
2025/08/13 17:04:54 [notice] 36#36: exit
2025/08/13 17:04:54 [notice] 1#1: signal 17 (SIGCHLD) received from 39
2025/08/13 17:04:54 [notice] 1#1: worker process 32 exited with code 0
2025/08/13 17:04:54 [notice] 1#1: worker process 30 exited with code 0
2025/08/13 17:04:54 [notice] 1#1: worker process 33 exited with code 0
2025/08/13 17:04:54 [notice] 1#1: worker process 35 exited with code 0
2025/08/13 17:04:54 [notice] 1#1: worker process 37 exited with code 0
2025/08/13 17:04:54 [notice] 1#1: worker process 39 exited with code 0
2025/08/13 17:04:54 [notice] 1#1: signal 29 (SIGIO) received
2025/08/13 17:04:54 [notice] 1#1: signal 17 (SIGCHLD) received from 32
2025/08/13 17:04:54 [notice] 1#1: signal 17 (SIGCHLD) received from 38
2025/08/13 17:04:54 [notice] 1#1: worker process 29 exited with code 0
2025/08/13 17:04:54 [notice] 1#1: worker process 31 exited with code 0
2025/08/13 17:04:54 [notice] 1#1: worker process 34 exited with code 0
2025/08/13 17:04:54 [notice] 1#1: worker process 38 exited with code 0
2025/08/13 17:04:54 [notice] 1#1: signal 29 (SIGIO) received
2025/08/13 17:04:54 [notice] 1#1: signal 17 (SIGCHLD) received from 34
2025/08/13 17:04:54 [notice] 1#1: signal 17 (SIGCHLD) received from 36
2025/08/13 17:04:54 [notice] 1#1: worker process 36 exited with code 0
2025/08/13 17:04:54 [notice] 1#1: exit
2025/08/13 17:06:17 [notice] 1#1: using the "epoll" event method
2025/08/13 17:06:17 [notice] 1#1: nginx/1.29.0
2025/08/13 17:06:17 [notice] 1#1: built by gcc 14.2.0 (Alpine 14.2.0) 
2025/08/13 17:06:17 [notice] 1#1: OS: Linux 6.12.5-linuxkit
2025/08/13 17:06:17 [notice] 1#1: getrlimit(RLIMIT_NOFILE): 1048576:1048576
2025/08/13 17:06:17 [notice] 1#1: start worker processes
2025/08/13 17:06:17 [notice] 1#1: start worker process 29
2025/08/13 17:06:17 [notice] 1#1: start worker process 30
2025/08/13 17:06:17 [notice] 1#1: start worker process 31
2025/08/13 17:06:17 [notice] 1#1: start worker process 32
2025/08/13 17:06:17 [notice] 1#1: start worker process 33
2025/08/13 17:06:17 [notice] 1#1: start worker process 34
2025/08/13 17:06:17 [notice] 1#1: start worker process 35
2025/08/13 17:06:17 [notice] 1#1: start worker process 36
2025/08/13 17:06:17 [notice] 1#1: start worker process 37
2025/08/13 17:06:17 [notice] 1#1: start worker process 38
2025/08/13 17:06:17 [notice] 1#1: start worker process 39
2025/08/13 17:07:46 [error] 31#31: *48 upstream timed out (110: Operation timed out) while connecting to upstream, client: 192.168.65.1, server: localhost, request: "GET /api/oam/alerts?page=1&limit=10 HTTP/1.1", upstream: "https://3.39.162.197:443/oam/alerts?page=1&limit=10", host: "192.168.200.105:3000", referrer: "http://192.168.200.105:3000/netlox/cors"
2025/08/13 17:20:30 [notice] 1#1: signal 3 (SIGQUIT) received, shutting down
2025/08/13 17:20:30 [notice] 29#29: gracefully shutting down
2025/08/13 17:20:30 [notice] 37#37: gracefully shutting down
2025/08/13 17:20:30 [notice] 31#31: gracefully shutting down
2025/08/13 17:20:30 [notice] 29#29: exiting
2025/08/13 17:20:30 [notice] 30#30: gracefully shutting down
2025/08/13 17:20:30 [notice] 32#32: gracefully shutting down
2025/08/13 17:20:30 [notice] 34#34: gracefully shutting down
2025/08/13 17:20:30 [notice] 30#30: exiting
2025/08/13 17:20:30 [notice] 36#36: gracefully shutting down
2025/08/13 17:20:30 [notice] 35#35: gracefully shutting down
2025/08/13 17:20:30 [notice] 33#33: gracefully shutting down
2025/08/13 17:20:30 [notice] 38#38: gracefully shutting down
2025/08/13 17:20:30 [notice] 39#39: gracefully shutting down
2025/08/13 17:20:30 [notice] 37#37: exiting
2025/08/13 17:20:30 [notice] 31#31: exiting
2025/08/13 17:20:30 [notice] 29#29: exit
2025/08/13 17:20:30 [notice] 32#32: exiting
2025/08/13 17:20:30 [notice] 37#37: exit
2025/08/13 17:20:30 [notice] 36#36: exiting
2025/08/13 17:20:30 [notice] 30#30: exit
2025/08/13 17:20:30 [notice] 34#34: exiting
2025/08/13 17:20:30 [notice] 33#33: exiting
2025/08/13 17:20:30 [notice] 35#35: exiting
2025/08/13 17:20:30 [notice] 39#39: exiting
2025/08/13 17:20:30 [notice] 38#38: exiting
2025/08/13 17:20:30 [notice] 32#32: exit
2025/08/13 17:20:30 [notice] 31#31: exit
2025/08/13 17:20:30 [notice] 39#39: exit
2025/08/13 17:20:30 [notice] 33#33: exit
2025/08/13 17:20:30 [notice] 36#36: exit
2025/08/13 17:20:30 [notice] 34#34: exit
2025/08/13 17:20:30 [notice] 38#38: exit
2025/08/13 17:20:30 [notice] 35#35: exit
2025/08/13 17:20:30 [notice] 1#1: signal 17 (SIGCHLD) received from 32
2025/08/13 17:20:30 [notice] 1#1: worker process 31 exited with code 0
2025/08/13 17:20:30 [notice] 1#1: worker process 32 exited with code 0
2025/08/13 17:20:30 [notice] 1#1: worker process 34 exited with code 0
2025/08/13 17:20:30 [notice] 1#1: worker process 35 exited with code 0
2025/08/13 17:20:30 [notice] 1#1: worker process 37 exited with code 0
2025/08/13 17:20:30 [notice] 1#1: worker process 38 exited with code 0
2025/08/13 17:20:30 [notice] 1#1: signal 29 (SIGIO) received
2025/08/13 17:20:30 [notice] 1#1: signal 17 (SIGCHLD) received from 35
2025/08/13 17:20:30 [notice] 1#1: signal 17 (SIGCHLD) received from 29
2025/08/13 17:20:30 [notice] 1#1: worker process 29 exited with code 0
2025/08/13 17:20:30 [notice] 1#1: worker process 30 exited with code 0
2025/08/13 17:20:30 [notice] 1#1: signal 29 (SIGIO) received
2025/08/13 17:20:30 [notice] 1#1: signal 17 (SIGCHLD) received from 33
2025/08/13 17:20:30 [notice] 1#1: worker process 33 exited with code 0
2025/08/13 17:20:30 [notice] 1#1: worker process 36 exited with code 0
2025/08/13 17:20:30 [notice] 1#1: worker process 39 exited with code 0
2025/08/13 17:20:30 [notice] 1#1: exit
2025/08/13 17:21:42 [notice] 1#1: using the "epoll" event method
2025/08/13 17:21:42 [notice] 1#1: nginx/1.29.0
2025/08/13 17:21:42 [notice] 1#1: built by gcc 14.2.0 (Alpine 14.2.0) 
2025/08/13 17:21:42 [notice] 1#1: OS: Linux 6.12.5-linuxkit
2025/08/13 17:21:42 [notice] 1#1: getrlimit(RLIMIT_NOFILE): 1048576:1048576
2025/08/13 17:21:42 [notice] 1#1: start worker processes
2025/08/13 17:21:42 [notice] 1#1: start worker process 29
2025/08/13 17:21:42 [notice] 1#1: start worker process 30
2025/08/13 17:21:42 [notice] 1#1: start worker process 31
2025/08/13 17:21:42 [notice] 1#1: start worker process 32
2025/08/13 17:21:42 [notice] 1#1: start worker process 33
2025/08/13 17:21:42 [notice] 1#1: start worker process 34
2025/08/13 17:21:42 [notice] 1#1: start worker process 35
2025/08/13 17:21:42 [notice] 1#1: start worker process 36
2025/08/13 17:21:42 [notice] 1#1: start worker process 37
2025/08/13 17:21:42 [notice] 1#1: start worker process 38
2025/08/13 17:21:42 [notice] 1#1: start worker process 39
2025/08/13 17:27:26 [notice] 1#1: signal 3 (SIGQUIT) received, shutting down
2025/08/13 17:27:26 [notice] 30#30: gracefully shutting down
2025/08/13 17:27:26 [notice] 34#34: gracefully shutting down
2025/08/13 17:27:26 [notice] 31#31: gracefully shutting down
2025/08/13 17:27:26 [notice] 32#32: gracefully shutting down
2025/08/13 17:27:26 [notice] 31#31: exiting
2025/08/13 17:27:26 [notice] 33#33: gracefully shutting down
2025/08/13 17:27:26 [notice] 35#35: gracefully shutting down
2025/08/13 17:27:26 [notice] 36#36: gracefully shutting down
2025/08/13 17:27:26 [notice] 37#37: gracefully shutting down
2025/08/13 17:27:26 [notice] 35#35: exiting
2025/08/13 17:27:26 [notice] 29#29: gracefully shutting down
2025/08/13 17:27:26 [notice] 38#38: gracefully shutting down
2025/08/13 17:27:26 [notice] 39#39: gracefully shutting down
2025/08/13 17:27:26 [notice] 30#30: exiting
2025/08/13 17:27:26 [notice] 34#34: exiting
2025/08/13 17:27:26 [notice] 32#32: exiting
2025/08/13 17:27:26 [notice] 33#33: exiting
2025/08/13 17:27:26 [notice] 36#36: exiting
2025/08/13 17:27:26 [notice] 37#37: exiting
2025/08/13 17:27:26 [notice] 35#35: exit
2025/08/13 17:27:26 [notice] 29#29: exiting
2025/08/13 17:27:26 [notice] 38#38: exiting
2025/08/13 17:27:26 [notice] 39#39: exiting
2025/08/13 17:27:26 [notice] 31#31: exit
2025/08/13 17:27:26 [notice] 30#30: exit
2025/08/13 17:27:26 [notice] 34#34: exit
2025/08/13 17:27:26 [notice] 36#36: exit
2025/08/13 17:27:26 [notice] 33#33: exit
2025/08/13 17:27:26 [notice] 32#32: exit
2025/08/13 17:27:26 [notice] 37#37: exit
2025/08/13 17:27:26 [notice] 39#39: exit
2025/08/13 17:27:26 [notice] 38#38: exit
2025/08/13 17:27:26 [notice] 29#29: exit
2025/08/13 17:27:26 [notice] 1#1: signal 17 (SIGCHLD) received from 31
2025/08/13 17:27:26 [notice] 1#1: worker process 31 exited with code 0
2025/08/13 17:27:26 [notice] 1#1: worker process 32 exited with code 0
2025/08/13 17:27:26 [notice] 1#1: worker process 36 exited with code 0
2025/08/13 17:27:26 [notice] 1#1: signal 29 (SIGIO) received
2025/08/13 17:27:26 [notice] 1#1: signal 17 (SIGCHLD) received from 33
2025/08/13 17:27:26 [notice] 1#1: worker process 29 exited with code 0
2025/08/13 17:27:26 [notice] 1#1: worker process 33 exited with code 0
2025/08/13 17:27:26 [notice] 1#1: signal 29 (SIGIO) received
2025/08/13 17:27:26 [notice] 1#1: signal 17 (SIGCHLD) received from 39
2025/08/13 17:27:26 [notice] 1#1: worker process 30 exited with code 0
2025/08/13 17:27:26 [notice] 1#1: worker process 34 exited with code 0
2025/08/13 17:27:26 [notice] 1#1: worker process 35 exited with code 0
2025/08/13 17:27:26 [notice] 1#1: worker process 37 exited with code 0
2025/08/13 17:27:26 [notice] 1#1: worker process 38 exited with code 0
2025/08/13 17:27:26 [notice] 1#1: worker process 39 exited with code 0
2025/08/13 17:27:26 [notice] 1#1: exit
2025/08/13 17:28:29 [notice] 1#1: using the "epoll" event method
2025/08/13 17:28:29 [notice] 1#1: nginx/1.29.0
2025/08/13 17:28:29 [notice] 1#1: built by gcc 14.2.0 (Alpine 14.2.0) 
2025/08/13 17:28:29 [notice] 1#1: OS: Linux 6.12.5-linuxkit
2025/08/13 17:28:29 [notice] 1#1: getrlimit(RLIMIT_NOFILE): 1048576:1048576
2025/08/13 17:28:29 [notice] 1#1: start worker processes
2025/08/13 17:28:29 [notice] 1#1: start worker process 29
2025/08/13 17:28:29 [notice] 1#1: start worker process 30
2025/08/13 17:28:29 [notice] 1#1: start worker process 31
2025/08/13 17:28:29 [notice] 1#1: start worker process 32
2025/08/13 17:28:29 [notice] 1#1: start worker process 33
2025/08/13 17:28:29 [notice] 1#1: start worker process 34
2025/08/13 17:28:29 [notice] 1#1: start worker process 35
2025/08/13 17:28:29 [notice] 1#1: start worker process 36
2025/08/13 17:28:29 [notice] 1#1: start worker process 37
2025/08/13 17:28:29 [notice] 1#1: start worker process 38
2025/08/13 17:28:29 [notice] 1#1: start worker process 39
2025/08/13 17:32:37 [notice] 1#1: signal 3 (SIGQUIT) received, shutting down
2025/08/13 17:32:37 [notice] 33#33: gracefully shutting down
2025/08/13 17:32:37 [notice] 32#32: gracefully shutting down
2025/08/13 17:32:37 [notice] 29#29: gracefully shutting down
2025/08/13 17:32:37 [notice] 34#34: gracefully shutting down
2025/08/13 17:32:37 [notice] 35#35: gracefully shutting down
2025/08/13 17:32:37 [notice] 36#36: gracefully shutting down
2025/08/13 17:32:37 [notice] 31#31: gracefully shutting down
2025/08/13 17:32:37 [notice] 30#30: gracefully shutting down
2025/08/13 17:32:37 [notice] 39#39: gracefully shutting down
2025/08/13 17:32:37 [notice] 37#37: gracefully shutting down
2025/08/13 17:32:37 [notice] 38#38: gracefully shutting down
2025/08/13 17:32:37 [notice] 33#33: exiting
2025/08/13 17:32:37 [notice] 32#32: exiting
2025/08/13 17:32:37 [notice] 29#29: exiting
2025/08/13 17:32:37 [notice] 34#34: exiting
2025/08/13 17:32:37 [notice] 35#35: exiting
2025/08/13 17:32:37 [notice] 36#36: exiting
2025/08/13 17:32:37 [notice] 31#31: exiting
2025/08/13 17:32:37 [notice] 30#30: exiting
2025/08/13 17:32:37 [notice] 35#35: exit
2025/08/13 17:32:37 [notice] 39#39: exiting
2025/08/13 17:32:37 [notice] 37#37: exiting
2025/08/13 17:32:37 [notice] 38#38: exiting
2025/08/13 17:32:37 [notice] 36#36: exit
2025/08/13 17:32:37 [notice] 29#29: exit
2025/08/13 17:32:37 [notice] 39#39: exit
2025/08/13 17:32:37 [notice] 30#30: exit
2025/08/13 17:32:37 [notice] 31#31: exit
2025/08/13 17:32:37 [notice] 34#34: exit
2025/08/13 17:32:37 [notice] 33#33: exit
2025/08/13 17:32:37 [notice] 32#32: exit
2025/08/13 17:32:37 [notice] 38#38: exit
2025/08/13 17:32:37 [notice] 37#37: exit
2025/08/13 17:32:37 [notice] 1#1: signal 17 (SIGCHLD) received from 38
2025/08/13 17:32:37 [notice] 1#1: worker process 30 exited with code 0
2025/08/13 17:32:37 [notice] 1#1: worker process 35 exited with code 0
2025/08/13 17:32:37 [notice] 1#1: worker process 38 exited with code 0
2025/08/13 17:32:37 [notice] 1#1: worker process 39 exited with code 0
2025/08/13 17:32:37 [notice] 1#1: signal 29 (SIGIO) received
2025/08/13 17:32:37 [notice] 1#1: signal 17 (SIGCHLD) received from 31
2025/08/13 17:32:37 [notice] 1#1: worker process 31 exited with code 0
2025/08/13 17:32:37 [notice] 1#1: signal 29 (SIGIO) received
2025/08/13 17:32:37 [notice] 1#1: signal 17 (SIGCHLD) received from 37
2025/08/13 17:32:37 [notice] 1#1: worker process 37 exited with code 0
2025/08/13 17:32:37 [notice] 1#1: signal 29 (SIGIO) received
2025/08/13 17:32:37 [notice] 1#1: signal 17 (SIGCHLD) received from 36
2025/08/13 17:32:37 [notice] 1#1: worker process 32 exited with code 0
2025/08/13 17:32:37 [notice] 1#1: worker process 29 exited with code 0
2025/08/13 17:32:37 [notice] 1#1: worker process 34 exited with code 0
2025/08/13 17:32:37 [notice] 1#1: worker process 36 exited with code 0
2025/08/13 17:32:37 [notice] 1#1: signal 17 (SIGCHLD) received from 34
2025/08/13 17:32:37 [notice] 1#1: signal 29 (SIGIO) received
2025/08/13 17:32:37 [notice] 1#1: signal 17 (SIGCHLD) received from 33
2025/08/13 17:32:37 [notice] 1#1: worker process 33 exited with code 0
2025/08/13 17:32:37 [notice] 1#1: exit
2025/08/14 03:26:00 [notice] 1#1: using the "epoll" event method
2025/08/14 03:26:00 [notice] 1#1: nginx/1.29.1
2025/08/14 03:26:00 [notice] 1#1: built by gcc 14.2.0 (Alpine 14.2.0) 
2025/08/14 03:26:00 [notice] 1#1: OS: Linux 6.12.5-linuxkit
2025/08/14 03:26:00 [notice] 1#1: getrlimit(RLIMIT_NOFILE): 1048576:1048576
2025/08/14 03:26:00 [notice] 1#1: start worker processes
2025/08/14 03:26:00 [notice] 1#1: start worker process 29
2025/08/14 03:26:00 [notice] 1#1: start worker process 30
2025/08/14 03:26:00 [notice] 1#1: start worker process 31
2025/08/14 03:26:00 [notice] 1#1: start worker process 32
2025/08/14 03:26:00 [notice] 1#1: start worker process 33
2025/08/14 03:26:00 [notice] 1#1: start worker process 34
2025/08/14 03:26:00 [notice] 1#1: start worker process 35
2025/08/14 03:26:00 [notice] 1#1: start worker process 36
2025/08/14 03:26:00 [notice] 1#1: start worker process 37
2025/08/14 03:26:00 [notice] 1#1: start worker process 38
2025/08/14 03:26:00 [notice] 1#1: start worker process 39
2025/08/14 03:28:11 [notice] 1#1: signal 3 (SIGQUIT) received, shutting down
2025/08/14 03:28:11 [notice] 31#31: gracefully shutting down
2025/08/14 03:28:11 [notice] 35#35: gracefully shutting down
2025/08/14 03:28:11 [notice] 32#32: gracefully shutting down
2025/08/14 03:28:11 [notice] 29#29: gracefully shutting down
2025/08/14 03:28:11 [notice] 30#30: gracefully shutting down
2025/08/14 03:28:11 [notice] 34#34: gracefully shutting down
2025/08/14 03:28:11 [notice] 33#33: gracefully shutting down
2025/08/14 03:28:11 [notice] 30#30: exiting
2025/08/14 03:28:11 [notice] 36#36: gracefully shutting down
2025/08/14 03:28:11 [notice] 38#38: gracefully shutting down
2025/08/14 03:28:11 [notice] 37#37: gracefully shutting down
2025/08/14 03:28:11 [notice] 39#39: gracefully shutting down
2025/08/14 03:28:11 [notice] 38#38: exiting
2025/08/14 03:28:11 [notice] 31#31: exiting
2025/08/14 03:28:11 [notice] 35#35: exiting
2025/08/14 03:28:11 [notice] 32#32: exiting
2025/08/14 03:28:11 [notice] 29#29: exiting
2025/08/14 03:28:11 [notice] 34#34: exiting
2025/08/14 03:28:11 [notice] 33#33: exiting
2025/08/14 03:28:11 [notice] 36#36: exiting
2025/08/14 03:28:11 [notice] 37#37: exiting
2025/08/14 03:28:11 [notice] 39#39: exiting
2025/08/14 03:28:11 [notice] 38#38: exit
2025/08/14 03:28:11 [notice] 31#31: exit
2025/08/14 03:28:11 [notice] 30#30: exit
2025/08/14 03:28:11 [notice] 32#32: exit
2025/08/14 03:28:11 [notice] 35#35: exit
2025/08/14 03:28:11 [notice] 29#29: exit
2025/08/14 03:28:11 [notice] 34#34: exit
2025/08/14 03:28:11 [notice] 36#36: exit
2025/08/14 03:28:11 [notice] 33#33: exit
2025/08/14 03:28:11 [notice] 37#37: exit
2025/08/14 03:28:11 [notice] 39#39: exit
2025/08/14 03:28:11 [notice] 1#1: signal 17 (SIGCHLD) received from 38
2025/08/14 03:28:11 [notice] 1#1: worker process 38 exited with code 0
2025/08/14 03:28:11 [notice] 1#1: signal 29 (SIGIO) received
2025/08/14 03:28:11 [notice] 1#1: signal 17 (SIGCHLD) received from 37
2025/08/14 03:28:11 [notice] 1#1: worker process 30 exited with code 0
2025/08/14 03:28:11 [notice] 1#1: worker process 31 exited with code 0
2025/08/14 03:28:11 [notice] 1#1: worker process 36 exited with code 0
2025/08/14 03:28:11 [notice] 1#1: worker process 37 exited with code 0
2025/08/14 03:28:11 [notice] 1#1: signal 29 (SIGIO) received
2025/08/14 03:28:11 [notice] 1#1: signal 17 (SIGCHLD) received from 30
2025/08/14 03:28:11 [notice] 1#1: worker process 34 exited with code 0
2025/08/14 03:28:11 [notice] 1#1: signal 29 (SIGIO) received
2025/08/14 03:28:11 [notice] 1#1: signal 17 (SIGCHLD) received from 39
2025/08/14 03:28:11 [notice] 1#1: worker process 32 exited with code 0
2025/08/14 03:28:11 [notice] 1#1: worker process 33 exited with code 0
2025/08/14 03:28:11 [notice] 1#1: worker process 39 exited with code 0
2025/08/14 03:28:11 [notice] 1#1: signal 29 (SIGIO) received
2025/08/14 03:28:11 [notice] 1#1: signal 17 (SIGCHLD) received from 32
2025/08/14 03:28:11 [notice] 1#1: signal 17 (SIGCHLD) received from 35
2025/08/14 03:28:11 [notice] 1#1: worker process 35 exited with code 0
2025/08/14 03:28:11 [notice] 1#1: worker process 29 exited with code 0
2025/08/14 03:28:11 [notice] 1#1: exit
2025/08/14 03:35:12 [warn] 1#1: the "listen ... http2" directive is deprecated, use the "http2" directive instead in /etc/nginx/conf.d/default.conf:21
2025/08/14 03:35:12 [warn] 1#1: the "listen ... http2" directive is deprecated, use the "http2" directive instead in /etc/nginx/conf.d/nginx-https.conf:21
2025/08/14 03:35:12 [warn] 1#1: conflicting server name "localhost" on 0.0.0.0:80, ignored
2025/08/14 03:35:12 [warn] 1#1: conflicting server name "localhost" on 0.0.0.0:443, ignored
2025/08/14 03:35:12 [notice] 1#1: using the "epoll" event method
2025/08/14 03:35:12 [notice] 1#1: nginx/1.29.1
2025/08/14 03:35:12 [notice] 1#1: built by gcc 14.2.0 (Alpine 14.2.0) 
2025/08/14 03:35:12 [notice] 1#1: OS: Linux 6.12.5-linuxkit
2025/08/14 03:35:12 [notice] 1#1: getrlimit(RLIMIT_NOFILE): 1048576:1048576
2025/08/14 03:35:12 [notice] 1#1: start worker processes
2025/08/14 03:35:12 [notice] 1#1: start worker process 23
2025/08/14 03:35:12 [notice] 1#1: start worker process 24
2025/08/14 03:35:12 [notice] 1#1: start worker process 25
2025/08/14 03:35:12 [notice] 1#1: start worker process 26
2025/08/14 03:35:12 [notice] 1#1: start worker process 27
2025/08/14 03:35:12 [notice] 1#1: start worker process 28
2025/08/14 03:35:12 [notice] 1#1: start worker process 29
2025/08/14 03:35:12 [notice] 1#1: start worker process 30
2025/08/14 03:35:12 [notice] 1#1: start worker process 31
2025/08/14 03:35:12 [notice] 1#1: start worker process 32
2025/08/14 03:35:12 [notice] 1#1: start worker process 33
2025/08/14 03:37:00 [notice] 1#1: signal 3 (SIGQUIT) received, shutting down
2025/08/14 03:37:00 [notice] 23#23: gracefully shutting down
2025/08/14 03:37:00 [notice] 24#24: gracefully shutting down
2025/08/14 03:37:00 [notice] 25#25: gracefully shutting down
2025/08/14 03:37:00 [notice] 23#23: exiting
2025/08/14 03:37:00 [notice] 28#28: gracefully shutting down
2025/08/14 03:37:00 [notice] 27#27: gracefully shutting down
2025/08/14 03:37:00 [notice] 26#26: gracefully shutting down
2025/08/14 03:37:00 [notice] 29#29: gracefully shutting down
2025/08/14 03:37:00 [notice] 31#31: gracefully shutting down
2025/08/14 03:37:00 [notice] 33#33: gracefully shutting down
2025/08/14 03:37:00 [notice] 30#30: gracefully shutting down
2025/08/14 03:37:00 [notice] 32#32: gracefully shutting down
2025/08/14 03:37:00 [notice] 24#24: exiting
2025/08/14 03:37:00 [notice] 25#25: exiting
2025/08/14 03:37:00 [notice] 27#27: exiting
2025/08/14 03:37:00 [notice] 26#26: exiting
2025/08/14 03:37:00 [notice] 28#28: exiting
2025/08/14 03:37:00 [notice] 32#32: exiting
2025/08/14 03:37:00 [notice] 29#29: exiting
2025/08/14 03:37:00 [notice] 31#31: exiting
2025/08/14 03:37:00 [notice] 23#23: exit
2025/08/14 03:37:00 [notice] 33#33: exiting
2025/08/14 03:37:00 [notice] 30#30: exiting
2025/08/14 03:37:00 [notice] 25#25: exit
2025/08/14 03:37:00 [notice] 27#27: exit
2025/08/14 03:37:00 [notice] 26#26: exit
2025/08/14 03:37:00 [notice] 24#24: exit
2025/08/14 03:37:00 [notice] 32#32: exit
2025/08/14 03:37:00 [notice] 29#29: exit
2025/08/14 03:37:00 [notice] 31#31: exit
2025/08/14 03:37:00 [notice] 28#28: exit
2025/08/14 03:37:00 [notice] 30#30: exit
2025/08/14 03:37:00 [notice] 33#33: exit
2025/08/14 03:37:00 [notice] 1#1: signal 17 (SIGCHLD) received from 27
2025/08/14 03:37:00 [notice] 1#1: worker process 23 exited with code 0
2025/08/14 03:37:00 [notice] 1#1: worker process 27 exited with code 0
2025/08/14 03:37:00 [notice] 1#1: worker process 28 exited with code 0
2025/08/14 03:37:00 [notice] 1#1: worker process 29 exited with code 0
2025/08/14 03:37:00 [notice] 1#1: signal 29 (SIGIO) received
2025/08/14 03:37:00 [notice] 1#1: signal 17 (SIGCHLD) received from 33
2025/08/14 03:37:00 [notice] 1#1: worker process 26 exited with code 0
2025/08/14 03:37:00 [notice] 1#1: worker process 33 exited with code 0
2025/08/14 03:37:00 [notice] 1#1: signal 29 (SIGIO) received
2025/08/14 03:37:00 [notice] 1#1: signal 17 (SIGCHLD) received from 31
2025/08/14 03:37:00 [notice] 1#1: worker process 24 exited with code 0
2025/08/14 03:37:00 [notice] 1#1: worker process 25 exited with code 0
2025/08/14 03:37:00 [notice] 1#1: worker process 30 exited with code 0
2025/08/14 03:37:00 [notice] 1#1: worker process 31 exited with code 0
2025/08/14 03:37:00 [notice] 1#1: worker process 32 exited with code 0
2025/08/14 03:37:00 [notice] 1#1: exit
2025/08/18 00:48:40 [warn] 1#1: the "listen ... http2" directive is deprecated, use the "http2" directive instead in /etc/nginx/conf.d/default.conf:21
2025/08/18 00:48:40 [warn] 1#1: the "listen ... http2" directive is deprecated, use the "http2" directive instead in /etc/nginx/conf.d/nginx-https.conf:21
2025/08/18 00:48:40 [warn] 1#1: conflicting server name "localhost" on 0.0.0.0:80, ignored
2025/08/18 00:48:40 [warn] 1#1: conflicting server name "localhost" on 0.0.0.0:443, ignored
2025/08/18 00:48:40 [notice] 1#1: using the "epoll" event method
2025/08/18 00:48:40 [notice] 1#1: nginx/1.29.1
2025/08/18 00:48:40 [notice] 1#1: built by gcc 14.2.0 (Alpine 14.2.0) 
2025/08/18 00:48:40 [notice] 1#1: OS: Linux 6.12.5-linuxkit
2025/08/18 00:48:40 [notice] 1#1: getrlimit(RLIMIT_NOFILE): 1048576:1048576
2025/08/18 00:48:40 [notice] 1#1: start worker processes
2025/08/18 00:48:40 [notice] 1#1: start worker process 23
2025/08/18 00:48:40 [notice] 1#1: start worker process 24
2025/08/18 00:48:40 [notice] 1#1: start worker process 25
2025/08/18 00:48:40 [notice] 1#1: start worker process 26
2025/08/18 00:48:40 [notice] 1#1: start worker process 27
2025/08/18 00:48:40 [notice] 1#1: start worker process 28
2025/08/18 00:48:40 [notice] 1#1: start worker process 29
2025/08/18 00:48:40 [notice] 1#1: start worker process 30
2025/08/18 00:48:40 [notice] 1#1: start worker process 31
2025/08/18 00:48:40 [notice] 1#1: start worker process 32
2025/08/18 00:48:40 [notice] 1#1: start worker process 33
2025/08/18 03:10:25 [notice] 1#1: signal 3 (SIGQUIT) received, shutting down
2025/08/18 03:10:25 [notice] 26#26: gracefully shutting down
2025/08/18 03:10:25 [notice] 24#24: gracefully shutting down
2025/08/18 03:10:25 [notice] 25#25: gracefully shutting down
2025/08/18 03:10:25 [notice] 23#23: gracefully shutting down
2025/08/18 03:10:25 [notice] 28#28: gracefully shutting down
2025/08/18 03:10:25 [notice] 27#27: gracefully shutting down
2025/08/18 03:10:25 [notice] 29#29: gracefully shutting down
2025/08/18 03:10:25 [notice] 30#30: gracefully shutting down
2025/08/18 03:10:25 [notice] 32#32: gracefully shutting down
2025/08/18 03:10:25 [notice] 31#31: gracefully shutting down
2025/08/18 03:10:25 [notice] 33#33: gracefully shutting down
2025/08/18 03:10:25 [notice] 27#27: exiting
2025/08/18 03:10:25 [notice] 26#26: exiting
2025/08/18 03:10:25 [notice] 28#28: exiting
2025/08/18 03:10:25 [notice] 25#25: exiting
2025/08/18 03:10:25 [notice] 31#31: exiting
2025/08/18 03:10:25 [notice] 32#32: exiting
2025/08/18 03:10:25 [notice] 30#30: exiting
2025/08/18 03:10:25 [notice] 29#29: exiting
2025/08/18 03:10:25 [notice] 24#24: exiting
2025/08/18 03:10:25 [notice] 23#23: exiting
2025/08/18 03:10:25 [notice] 33#33: exiting
2025/08/18 03:10:25 [notice] 31#31: exit
2025/08/18 03:10:25 [notice] 29#29: exit
2025/08/18 03:10:25 [notice] 28#28: exit
2025/08/18 03:10:25 [notice] 33#33: exit
2025/08/18 03:10:25 [notice] 25#25: exit
2025/08/18 03:10:25 [notice] 26#26: exit
2025/08/18 03:10:25 [notice] 32#32: exit
2025/08/18 03:10:25 [notice] 30#30: exit
2025/08/18 03:10:25 [notice] 23#23: exit
2025/08/18 03:10:25 [notice] 27#27: exit
2025/08/18 03:10:25 [notice] 24#24: exit
2025/08/18 03:10:25 [notice] 1#1: signal 17 (SIGCHLD) received from 33
2025/08/18 03:10:25 [notice] 1#1: worker process 28 exited with code 0
2025/08/18 03:10:25 [notice] 1#1: worker process 29 exited with code 0
2025/08/18 03:10:25 [notice] 1#1: worker process 33 exited with code 0
2025/08/18 03:10:25 [notice] 1#1: signal 29 (SIGIO) received
2025/08/18 03:10:25 [notice] 1#1: signal 17 (SIGCHLD) received from 28
2025/08/18 03:10:25 [notice] 1#1: signal 17 (SIGCHLD) received from 31
2025/08/18 03:10:25 [notice] 1#1: worker process 23 exited with code 0
2025/08/18 03:10:25 [notice] 1#1: worker process 24 exited with code 0
2025/08/18 03:10:25 [notice] 1#1: worker process 31 exited with code 0
2025/08/18 03:10:25 [notice] 1#1: signal 29 (SIGIO) received
2025/08/18 03:10:25 [notice] 1#1: signal 17 (SIGCHLD) received from 23
2025/08/18 03:10:25 [notice] 1#1: worker process 26 exited with code 0
2025/08/18 03:10:25 [notice] 1#1: signal 29 (SIGIO) received
2025/08/18 03:10:25 [notice] 1#1: signal 17 (SIGCHLD) received from 26
2025/08/18 03:10:25 [notice] 1#1: signal 17 (SIGCHLD) received from 32
2025/08/18 03:10:25 [notice] 1#1: worker process 25 exited with code 0
2025/08/18 03:10:25 [notice] 1#1: worker process 30 exited with code 0
2025/08/18 03:10:25 [notice] 1#1: worker process 32 exited with code 0
2025/08/18 03:10:25 [notice] 1#1: signal 17 (SIGCHLD) received from 30
2025/08/18 03:10:25 [notice] 1#1: signal 17 (SIGCHLD) received from 27
2025/08/18 03:10:25 [notice] 1#1: worker process 27 exited with code 0
2025/08/18 03:10:25 [notice] 1#1: exit
